INSERT INTO REGION VALUES
(01,'01.','Tanger-Tetouan-Al Hoceima','طنجة تطوان، الحسيمة'),
(02,'02.','Oriental','شرقي'),
(03,'03.','Fès-Meknès','فاس-مكناس'),
(04,'04.','Rabat-Salé-Kénitra','القنيطرة-الرباط سلا'),
(05,'05.','Béni Mellal-Khénifra','بني ملال-خنيفرة'),
(06,'06.','Grand Casablanca-Settat','الدار البيضاء-سطات'),
(07,'07.','Marrakech-Safi','مراكش الصافي'),
(08,'08.','Drâa-Tafilalet','درعة تافيلالت'),
(09,'09.','Souss-Massa',' سوس ماسة'),
(10,'10.','Guelmim-Oued Noun','كلميم واد نون'),
(11,'11.','Laayoune-Sakia El Hamra','العيون الساقية الحمراء'),
(12,'12.','Eddakhla-Oued Eddahab','الداخلة - وادي الذهب‎‎');


INSERT INTO WILAYA ("regionId",code,id,name,"nameAr") VALUES
('01.',051,'01.051.','Province: Al Hoceima','المحافظة: الحسيمة'),
('01.',151,'01.151.','Province: Chefchaouen',' شفشاون'),
('01.',227,'01.227.','Province: Fahs-Anjra',' الفحص أنجرة'),
('01.',331,'01.331.','Province: Larache',' العرائش'),
('01.',405,'01.405.','Province: Ouezzane',' وزان'),
('01.',511,'01.511.','Préfecture: Tanger-Assilah',' طنجة-أصيلة'),
('01.',571,'01.571.','Province: Tétouan',' تطوان'),
('01.',573,'01.573.','Préfecture: M''Diq-Fnideq',' المضيق الفنيدق'),
('02.',113,'02.113.','Province: Berkane',' بركان'),
('02.',167,'02.167.','Province: Driouch',' الدريوش'),
('02.',251,'02.251.','Province: Figuig',' فكيك'),
('02.',265,'02.265.','Province: Guercif','غرسيف'),
('02.',275,'02.275.','Province: Jerada','جرادة'),
('02.',381,'02.381.','Province: Nador','الناظور'),
('02.',411,'02.411.','Préfecture: Oujda-Angad','جدة-أنجاد'),
('02.',533,'02.533.','Province: Taourirt',' تاوريرت'),
('03.',061,'03.061.','Préfecture: Meknès','مكناس'),
('03.',131,'03.131.','Province: Boulemane','بولمان'),
('03.',171,'03.171.','Province: El  Hajeb','الحاجب'),
('03.',231,'03.231.','Préfecture: Fès','فاس'),
('03.',271,'03.271.','Province: Ifrane','إفران'),
('03.',451,'03.451.','Province: Sefrou','صفرو'),
('03.',531,'03.531.','Province: Taounate','تاونات'),
('03.',561,'03.561.','Province: Taza','تازة'),
('03.',591,'03.591.','Province: Moulay Yacoub','مولاي يعقوب'),
('04.',281,'04.281.','Province: Kénitra','القنيطرة'),
('04.',291,'04.291.','Province: Khémisset','الخميسات'),
('04.',421,'04.421.','Préfecture: Rabat','الرباط'),
('04.',441,'04.441.','Préfecture: Salé','سلا'),
('04.',481,'04.481.','Province: Sidi Kacem','سيدي قاسم'),
('04.',491,'04.491.','Province: Sidi Slimane','سيدي سليمان'),
('04.',501,'04.501.','Préfecture: Skhirate- Témara','الصخيرات - تمارة'),
('05.',081,'05.081.','Province: Azilal','أزيلال'),
('05.',091,'05.091.','Province: Béni Mellal',' بني ملال'),
('05.',255,'05.255.','Province: Fquih Ben Salah',' الفقيه بنصالح'),
('05.',301,'05.301.','Province: Khénifra','خنيفرة'),
('05.',311,'05.311.','Province: Khouribga','خريبكة'),
('06.',111,'06.111.','Province: Benslimane','بنسليمان'),
('06.',117,'06.117.','Province: Berrechid','برشيد'),
('06.',141,'06.141.','Préfecture: Casablanca','الدار البيضاء'),
('06.',181,'06.181.','Province: El Jadida','الجديدة'),
('06.',355,'06.355.','Province: Médiouna','مديونة'),
('06.',371,'06.371.','Préfecture: Mohammadia','المحمدية'),
('06.',385,'06.385.','Province: Nouaceur','النواصر'),
('06.',461,'06.461.','Province: Settat',' سطات'),
('06.',467,'06.467.','Province: Sidi Bennour',' سيدي بنور'),
('07.',041,'07.041.','Province: Al  Haouz','الحوز'),
('07.',161,'07.161.','Province: Chichaoua',' شيشاوا'),
('07.',191,'07.191.','Province: El Kelâa des  Sraghna',' قلعة السراغنة'),
('07.',211,'07.211.','Province: Essaouira','الصويرة'),
('07.',351,'07.351.','Préfecture: Marrakech','مراكش'),
('07.',427,'07.427.','Province: Rehamna','الرحامنة'),
('07.',431,'07.431.','Province: Safi','الصافي'),
('07.',585,'07.585.','Province: Youssoufia','اليوسفية'),
('08.',201,'08.201.','Province: Errachidia','الرشيدية'),
('08.',363,'08.363.','Province: Midelt',' ميدلت'),
('08.',401,'08.401.','Province: Ouarzazate',' ورزازات'),
('08.',577,'08.577.','Province: Tinghir','تنغير'),
('08.',587,'08.587.','Province: Zagora','زاكورة'),
('09.',001,'09.001.','Préfecture: Agadir-Ida -Ou-Tanane','أكادير - أدا وتنان'),
('09.',163,'09.163.','Province: Chtouka- Ait Baha','شتوكة آيت باها'),
('09.',273,'09.273.','Préfecture: Inezgane- Ait Melloul','محافظة: أيت ملول -إنزكان '),
('09.',541,'09.541.','Province: Taroudannt',' تارودانت'),
('09.',551,'09.551.','Province: Tata',' طاطا'),
('09.',581,'09.581.','Province: Tiznit','تزنيت'),
('10.',071,'10.071.','Province: Assa-Zag',' أسا الزاك'),
('10.',261,'10.261.','Province: Guelmim',' كلميم'),
('10.',473,'10.473.','Province: Sidi Ifni',' سيدي إفني'),
('10.',521,'10.521.','Province: Tan-Tan',' طانطان'),
('11.',121,'11.121.','Province: Boujdour',' بوجدور'),
('11.',221,'11.221.','Province: Es-Semara','السمارة'),
('11.',321,'11.321.','Province: Laâyoune',' العيون'),
('11.',537,'11.537.','Province: Tarfaya',' طرفاية'),
('12.',066,'12.066.','Province: Aousserd',' أوسرد'),
('12.',391,'12.391.','Province: Oued Ed-Dahab',' وادي الذهب');



INSERT INTO CIRCLE ("wilayaId",code,id,name,"nameAr") VALUES
('01.051.',03,'01.051.03.','Cercle : Bni Boufrah','بني بوفراح'),
('01.051.',05,'01.051.05.','Cercle : Bni Ouriaghel','بني ورياغل'),
('01.051.',07,'01.051.07.','Cercle : Targuist','تارجيست'),
('01.051.',09,'01.051.09.','Cercle : Ketama','كتامة'),
('01.151.',03,'01.151.03.','Cercle : Bab Berred',' باب برد'),
('01.151.',05,'01.151.05.','Cercle : Bab Taza',' باب تازة'),
('01.151.',06,'01.151.06.','Cercle : Bni Ahmed','بني أحمد'),
('01.151.',07,'01.151.07.','Cercle : Bou Ahmed','بو أحمد'),
('01.151.',09,'01.151.09.','Cercle : Jebha',' ألجبهة'),
('01.227.',03,'01.227.03.','Cercle : Anjra','انجرة'),
('01.227.',05,'01.227.05.','Cercle : Fahs',' فحص'),
('01.331.',07,'01.331.07.','Cercle : Loukouss','لوكوس'),
('01.331.',09,'01.331.09.','Cercle : Moulay Abdeslem-Ben M''chich',' مولاي عبد السلام بن مشيش'),
('01.331.',11,'01.331.11.','Cercle : Oued El Makhazine','واد المخازن'),
('01.405.',07,'01.405.07.','Cercle : Ouezzane','وزان'),
('01.405.',09,'01.405.09.','Cercle : Moqrisset','مقريصات'),
('01.405.',11,'01.405.11.','Cercle : Zoumi',' زومي'),
('01.511.',03,'01.511.03.','Cercle : Assilah','أصيلة'),
('01.511.',81,'01.511.81.','Cercle : -','دائرة -'),
('01.571.',03,'01.571.03.','Cercle : Jebala','جبالة'),
('01.571.',05,'01.571.05.','Cercle : Tétouan','تطوان'),
('01.573.',03,'01.573.03.','Cercle : -','دائرة -'),
('02.113.',03,'02.113.03.','Cercle : Ahfir','أحفير'),
('02.113.',05,'02.113.05.','Cercle : Aklim','أكليم'),
('02.167.',03,'02.167.03.','Cercle : Driouch','الدريوش'),
('02.167.',09,'02.167.09.','Cercle : Rif','ريف'),
('02.251.',03,'02.251.03.','Cercle : Bni Tadjite','بني تجيت'),
('02.251.',05,'02.251.05.','Cercle : Figuig','فكيك'),
('02.265.',05,'02.265.05.','Cercle : Guercif','غرسيف'),
('02.265.',07,'02.265.07.','Cercle : Taddart','تادرت'),
('02.275.',03,'02.275.03.','Cercle : Jerada Banlieue','الضواحي جرادة'),
('02.275.',05,'02.275.05.','Cercle : Ain Bni  Mathar','عين بني مطهر'),
('02.381.',05,'02.381.05.','Cercle : Guelaia','كلاية'),
('02.381.',07,'02.381.07.','Cercle : Louta',' لوطا'),
('02.411.',03,'02.411.03.','Cercle : Oujda  Banlieue Nord','الضواحي وجدة الشمالية'),
('02.411.',05,'02.411.05.','Cercle : Oujda  Banlieue Sud','الضواحي وجدة الجنوبية'),
('02.533.',03,'02.533.03.','Cercle : Debdou','دبدو'),
('02.533.',07,'02.533.07.','Cercle : El Aioun','العيون'),
('02.533.',09,'02.533.09.','Cercle : Taourirt','تاوريرت'),
('03.061.',03,'03.061.03.','Cercle : Ain Orma','عين عرمة'),
('03.061.',05,'03.061.05.','Cercle : Meknès Banlieue','الضواحي مكناس'),
('03.061.',07,'03.061.07.','Cercle : Zerhoun','زرهون'),
('03.131.',03,'03.131.03.','Cercle : Boulemane','بولمان'),
('03.131.',05,'03.131.05.','Cercle : Missour','ميسور'),
('03.131.',07,'03.131.07.','Cercle : Outat El Haj','أوطاط الحاج'),
('03.171.',03,'03.171.03.','Cercle : Agourai','أكوراي'),
('03.171.',05,'03.171.05.','Cercle : Ain Taoujdate',' عين تاوجطات'),
('03.171.',07,'03.171.07.','Cercle : El Hajeb','الحاجب'),
('03.231.',81,'03.231.81.','Cercle : Fès Banlieue','الضواحي فاس'),
('03.271.',03,'03.271.03.','Cercle : Azrou','أزرو'),
('03.271.',81,'03.271.81.','Cercle : -','دائرة -'),
('03.451.',03,'03.451.03.','Cercle : El Menzel','المنزل'),
('03.451.',05,'03.451.05.','Cercle : Imouzzer  Kandar','إيموزار كندر'),
('03.451.',07,'03.451.07.','Cercle : Sefrou',' صفرو'),
('03.531.',03,'03.531.03.','Cercle : Ghafsai',' غفساي'),
('03.531.',05,'03.531.05.','Cercle : Karia Ba  Mohamed','قرية با محمد'),
('03.531.',07,'03.531.07.','Cercle : Taounate','تاونات'),
('03.531.',09,'03.531.09.','Cercle : Tissa',' تيسا'),
('03.561.',03,'03.561.03.','Cercle : Aknoul','اكنول'),
('03.561.',07,'03.561.07.','Cercle : Oued Amlil',' واد أمليل'),
('03.561.',09,'03.561.09.','Cercle : Tahla','طحلة'),
('03.561.',11,'03.561.11.','Cercle : Tainaste','تاينست'),
('03.561.',13,'03.561.13.','Cercle : Taza','تازة'),
('03.591.',03,'03.591.03.','Cercle : Moulay  Yacoub','مولاي يعقوب'),
('03.591.',05,'03.591.05.','Cercle : Oulad Jemaa Lemta','دائرة: أولاد جمعة لمط'),
('04.281.',03,'04.281.03.','Cercle : Kénitra-Banlieue','القنيطرة-الضواحي'),
('04.281.',05,'04.281.05.','Cercle : Ben Mansour',' بن منصور'),
('04.281.',07,'04.281.07.','Cercle : Souk Arbaa  El Gharb','سوق أربعاء الغرب'),
('04.281.',09,'04.281.09.','Cercle : Souk Tlet  El Gharb',' سوق الثلاتاء الغرب'),
('04.281.',11,'04.281.11.','Cercle : Lalla Mimouna','دائرة: لالة ميمونة'),
('04.291.',03,'04.291.03.','Cercle : Khémisset','الخميسات'),
('04.291.',05,'04.291.05.','Cercle : Oulmes',' ولماس'),
('04.291.',07,'04.291.07.','Cercle : Rommani','الرماني'),
('04.291.',09,'04.291.09.','Cercle : Tiflet',' تيفلت'),
('04.441.',03,'04.441.03.','Cercle : Salé  Banlieue','الضواحي سلا'),
('04.481.',03,'04.481.03.','Cercle : Tilal Al Gharb','تلال  الغرب'),
('04.481.',05,'04.481.05.','Cercle : Gharb-Bni Malek',' الغرب بني مالك'),
('04.481.',07,'04.481.07.','Cercle : Ouargha','أوارغة'),
('04.481.',09,'04.481.09.','Cercle : Chrarda','الشراردة'),
('04.481.',11,'04.481.11.','Cercle : Baht','باهت'),
('04.491.',03,'04.491.03.','Cercle : Kceibya',' قصيبية'),
('04.491.',05,'04.491.05.','Cercle : Sidi slimane','سيدي سليمان'),
('04.501.',03,'04.501.03.','Cercle : Ain El Aouda',' عين عودة'),
('04.501.',05,'04.501.05.','Cercle : Témara','تمارة'),
('05.081.',03,'05.081.03.','Cercle : Azilal','أزيلال'),
('05.081.',05,'05.081.05.','Cercle : Bzou','بزو'),
('05.081.',09,'05.081.09.','Cercle : Ouaouizeght','واويزغت'),
('05.081.',11,'05.081.11.','Cercle : Afourar','أفورار'),
('05.081.',13,'05.081.13.','Cercle : Fetouqka','فطواكة'),
('05.081.',15,'05.081.15.','Cercle : Oultana','اولتانة'),
('05.091.',03,'05.091.03.','Cercle : Béni Mellal',' بني ملال'),
('05.091.',05,'05.091.05.','Cercle : Aghbala','أغبالةِ'),
('05.091.',07,'05.091.07.','Cercle : El Ksiba','القصيبة'),
('05.091.',11,'05.091.11.','Cercle : Kasba Tadla','قصبة تادلة'),
('05.255.',05,'05.255.05.','Cercle : Bni Moussa Charquia',' بني موسى الشرقية'),
('05.255.',09,'05.255.09.','Cercle : Fqih  Ben  Salah','الفقيه بن صلاح'),
('05.255.',11,'05.255.11.','Cercle : Bni Moussa Gharbia','بني موسى الغربية'),
('05.301.',03,'05.301.03.','Cercle : El Kbab','الكباب'),
('05.301.',05,'05.301.05.','Cercle : Khénifra','خنيفرة'),
('05.301.',07,'05.301.07.','Cercle : Aguelmous',' أكلموس'),
('05.311.',03,'05.311.03.','Cercle : Bejaad','بجعد'),
('05.311.',05,'05.311.05.','Cercle : Khouribga','خريبكة'),
('05.311.',07,'05.311.07.','Cercle : Oued-Zem','وادي زم'),
('06.111.',03,'06.111.03.','Cercle : Benslimane',' بن سليمان'),
('06.111.',05,'06.111.05.','Cercle : Bouznika','بوزنيقة'),
('06.117.',05,'06.117.05.','Cercle : Berrechid',' برشيد'),
('06.117.',08,'06.117.08.','Cercle : El Gara','الجارا'),
('06.141.',01,'06.141.01.0.','Préfecture d’Arrondissements Casablanca Anfa',' الدار البيضاء'),
('06.141.',01,'06.141.01.1.','Préfecture d’Arrondissements Al Fida-Mers Sultan','الفداء مرس السلطان،'),
('06.141.',01,'06.141.01.2.','Préfecture d’Arrondissements Aïn Sebaâ-Hay Mohammadi','عين السبع الحي المحمدي'),
('06.141.',01,'06.141.01.3.','Préfecture d’Arrondissement  Hay Hassani',' الحي الحسني'),
('06.141.',01,'06.141.01.4.','Préfecture d’Arrondissement  Aïn Chock','الشق عين'),
('06.141.',01,'06.141.01.5.','Préfecture d’Arrondissements Sidi Bernoussi','سيدي البرنوصي'),
('06.141.',01,'06.141.01.6.','Préfecture d’Arrondissements Ben M’sick','بن مسيك'),
('06.141.',01,'06.141.01.7.','Préfecture d’Arrondissements Moulay Rachid','مولاي رشيد'),
('06.181.',03,'06.181.03.','Cercle : Azemmour',' أزمور'),
('06.181.',05,'06.181.05.','Cercle : El Jadida','بالجديدة'),
('06.181.',07,'06.181.07.','Cercle : Haouzia','الحوزية'),
('06.181.',09,'06.181.09.','Cercle : Sidi Smail','سيدي إسماعيل'),
('06.355.',03,'06.355.03.','Cercle : Tit Mellil','تيط مليل'),
('06.371.',03,'06.371.03.','Cercle : Znata','زناتة'),
('06.385.',03,'06.385.03.','Cercle : Bouskoura','بوسكورة'),
('06.461.',03,'06.461.03.','Cercle : Ben Ahmed','بن أحمد'),
('06.461.',07,'06.461.07.','Cercle : El Borouj','البروج'),
('06.461.',09,'06.461.09.','Cercle : Settat',' سطات'),
('06.467.',07,'06.467.07.','Cercle : Sidi Bennour',' سيدي بنور'),
('06.467.',11,'06.467.11.','Cercle : Zemamra','الزمامرة'),
('07.041.',03,'07.041.03.','Cercle : Ait Ourir','أيت أورير'),
('07.041.',05,'07.041.05.','Cercle : Amizmiz','دائرة أمزميز'),
('07.041.',07,'07.041.07.','Cercle : Asni',' أسني'),
('07.041.',09,'07.041.09.','Cercle : Tahannaout',' تحناوت'),
('07.041.',11,'07.041.11.','Cercle : Touama',' التوامة'),
('07.161.',03,'07.161.03.','Cercle : Chichaoua',' شيشاوا'),
('07.161.',05,'07.161.05.','Cercle : Imintanoute','إيمنتانوت'),
('07.161.',07,'07.161.07.','Cercle : Majjat',' مجاط'),
('07.161.',09,'07.161.09.','Cercle : Mtouga','امتوكة'),
('07.191.',03,'07.191.03.','Cercle : El Kelaa Des Sraghna',' قلعة السراغنة'),
('07.191.',05,'07.191.05.','Cercle : Laattaouia','العطاوية'),
('07.191.',07,'07.191.07.','Cercle : Tamallalt','تملالت'),
('07.211.',03,'07.211.03.','Cercle : Essaouira','الصويرة'),
('07.211.',05,'07.211.05.','Cercle : Tamanar',' تمنار'),
('07.351.',02,'07.351.02.','Cercle : Alouidane','الويدان'),
('07.351.',03,'07.351.03.','Cercle : Bour',' سبع البور'),
('07.351.',05,'07.351.05.','Cercle : Loudaya','الوداية'),
('07.351.',07,'07.351.07.','Cercle : Saada',' صعدة'),
('07.427.',07,'07.427.07.','Cercle : Rehamna','الرحامنة'),
('07.427.',09,'07.427.09.','Cercle : Sidi Bou Othmane',' سيدي بوعثمان'),
('07.431.',03,'07.431.03.','Cercle : Abda','عبدة'),
('07.431.',07,'07.431.07.','Cercle : Gzoula',' كزولة'),
('07.431.',09,'07.431.09.','Cercle : Hrara','حرارة'),
('07.585.',05,'07.585.05.','Cercle : Ahmar','الأحمر'),
('07.585.',07,'07.585.07.','Cercle : Al Gantour','الكنتور'),
('08.201.',03,'08.201.03.','Cercle : Arfoud',' أرفود'),
('08.201.',07,'08.201.07.','Cercle : Errachidia',' الرشيدية'),
('08.201.',11,'08.201.11.','Cercle : Er-Rissani','الريصاني'),
('08.201.',13,'08.201.13.','Cercle : Goulmima','كلميمة'),
('08.363.',05,'08.363.05.','Cercle : Boumia',' بومية'),
('08.363.',07,'08.363.07.','Cercle : Midelt',' ميدلت'),
('08.363.',09,'08.363.09.','Cercle : Er-Rich','الريش'),
('08.363.',15,'08.363.15.','Cercle : Imilchil',' إملشيل'),
('08.401.',03,'08.401.03.','Cercle : Amerzgane','أمرزكان'),
('08.401.',07,'08.401.07.','Cercle : Ouarzazate',' ورزازات'),
('08.577.',02,'08.577.02.','Cercle : Alnif','النيف'),
('08.577.',03,'08.577.03.','Cercle : Assoul',' عسول'),
('08.577.',05,'08.577.05.','Cercle : Boumalne   Dades',' بومالن دادس'),
('08.577.',07,'08.577.07.','Cercle : Tinghir',' تنغير'),
('08.587.',03,'08.587.03.','Cercle : Agdz','أكدز'),
('08.587.',07,'08.587.07.','Cercle : Tinzouline',' تينزولين'),
('08.587.',09,'08.587.09.','Cercle : Zagora',' زاكورة'),
('09.001.',05,'09.001.05.','Cercle : Agadir  Banlieue','أكادير'),
('09.001.',07,'09.001.07.','Cercle : Agadir  Atlantique',' مدينة أغادير أتلانتيك'),
('09.163.',03,'09.163.03.','Cercle : Ait Baha','آيت باها'),
('09.163.',05,'09.163.05.','Cercle : Belfaa- Massa','بلفاع- ماسا'),
('09.163.',07,'09.163.07.','Cercle : Biougra',' بيوكرة'),
('09.273.',05,'09.273.05.','Cercle : Ait Melloul','أيت ملول'),
('09.541.',03,'09.541.03.','Cercle : Irherm','اغرم'),
('09.541.',04,'09.541.04.','Cercle : Oulad   Berhil',' أولاد برحيل'),
('09.541.',05,'09.541.05.','Cercle : Oulad Teima','أولاد تايمة'),
('09.541.',07,'09.541.07.','Cercle : Taliouine',' تالوين'),
('09.541.',09,'09.541.09.','Cercle : Taroudannt',' تارودانت'),
('09.551.',03,'09.551.03.','Cercle : Akka',' عكا'),
('09.551.',05,'09.551.05.','Cercle : Foum Zguid','فم زكيد'),
('09.551.',07,'09.551.07.','Cercle : Tata','طاطا'),
('09.581.',03,'09.581.03.','Cercle : Anezi',' العنزي'),
('09.581.',09,'09.581.09.','Cercle : Tafraout',' تافراوت'),
('09.581.',11,'09.581.11.','Cercle : Tiznit',' تزنيت'),
('10.071.',03,'10.071.03.','Cercle : Assa',' أسا'),
('10.071.',05,'10.071.05.','Cercle : Zag',' الزاك'),
('10.261.',03,'10.261.03.','Cercle : Bouizakarne',' بويزكارن'),
('10.261.',05,'10.261.05.','Cercle : Guelmim','كلميم'),
('10.261.',07,'10.261.07.','Cercle : Laqsabi','لقصابي'),
('10.473.',05,'10.473.05.','Cercle : Ifni',' إفني'),
('10.473.',07,'10.473.07.','Cercle : Lakhsas','لخصاص'),
('10.521.',03,'10.521.03.','Cercle : Msied',' لمسيد'),
('10.521.',05,'10.521.05.','Cercle : Tan Tan','طانطان'),
('11.121.',03,'11.121.03.','Cercle : Jraifia','الجريفية'),
('11.221.',03,'11.221.03.','Cercle : Es-Semara',' السمارة'),
('11.321.',03,'11.321.03.','Cercle : Laayoune',' العيون'),
('11.537.',03,'11.537.03.','Cercle : Daoura -el Hagounia','الدورة - الحڭونية'),
('11.537.',05,'11.537.05.','Cercle : Tarfaya',' طرفاية'),
('12.066.',03,'12.066.03.','Cercle : Aousserd',' أوسرد'),
('12.066.',05,'12.066.05.','Cercle : Bir Gandouz','بئر كندوز'),
('12.391.',05,'12.391.05.','Cercle : Bir Anzarane','بئر أنزران'),
('12.391.',09,'12.391.09.','Cercle : El Argoub','العرڭوب');



INSERT INTO COMMUNE ("wilayaId","circleId",code,id,name,"nameAr",type) VALUES
('01.051.',NULL,01,'01.051.01.01.','Al Hoceima (Mun.)','الحسيمة',2),
('01.051.',NULL,03,'01.051.01.03.','Bni Bouayach (Mun.)','بني بوعياش',2),
('01.051.',NULL,05,'01.051.01.05.','Imzouren (Mun.)','إمزورن ',2),
('01.051.',NULL,07,'01.051.01.07.','Targuist (Mun.)','تارجيست ',2),
('01.051.',NULL,09,'01.051.01.09.','Ajdir (Mun.)','أجدير ',2),
('01.051.','01.051.03.',01,'01.051.03.01.','Bni Boufrah','بني بوفراح',3),
('01.051.','01.051.03.',03,'01.051.03.03.','Bni Gmil','بني جملي',3),
('01.051.','01.051.03.',05,'01.051.03.05.','Bni Gmil Maksouline','بني جملي مسكولين',3),
('01.051.','01.051.03.',07,'01.051.03.07.','Senada','سنادة',3),
('01.051.','01.051.05.',01,'01.051.05.01.','Ait Kamra','آيت قمرة',3),
('01.051.','01.051.05.',03,'01.051.05.03.','Ait Youssef Ou Ali','آيت يوسف أو علي',3),
('01.051.','01.051.05.',05,'01.051.05.05.','Arbaa Taourirt','أربعاء تاوريرت',3),
('01.051.','01.051.05.',07,'01.051.05.07.','Bni Abdallah','بني عبد الله',3),
('01.051.','01.051.05.',09,'01.051.05.09.','Bni Hadifa','بني حديفة',3),
('01.051.','01.051.05.',11,'01.051.05.11.','Chakrane','شكران',3),
('01.051.','01.051.05.',13,'01.051.05.13.','Imrabten','إمرابطن',3),
('01.051.','01.051.05.',15,'01.051.05.15.','Izemmouren','إزمّورن',3),
('01.051.','01.051.05.',17,'01.051.05.17.','Louta','لوطا',3),
('01.051.','01.051.05.',19,'01.051.05.19.','Mnoud Nekkour','مــنــود النكور',3),
('01.051.','01.051.05.',21,'01.051.05.21.','Rouadi','الرواضي',3),
('01.051.','01.051.05.',23,'01.051.05.23.','Tifarouine','تيفـاروين',3),
('01.051.','01.051.05.',25,'01.051.05.25.','Zaouiat Sidi Abdelkader','زاوية سيدي عبد القادر',3),
('01.051.','01.051.07.',03,'01.051.07.03.','Bni Ahmed Imoukzan','بني احمد اموكزن',3),
('01.051.','01.051.07.',05,'01.051.07.05.','Bni Ammart','بني عمارت',3),
('01.051.','01.051.07.',07,'01.051.07.07.','Bni Bchir','بني بشير',3),
('01.051.','01.051.07.',11,'01.051.07.11.','Bni Bounsar','بني بونصار',3),
('01.051.','01.051.07.',19,'01.051.07.19.','Sidi Boutmim','بني بوتـمـيـم',3),
('01.051.','01.051.07.',21,'01.051.07.21.','Sidi Bouzineb','سيدي بوزنيب',3),
('01.051.','01.051.07.',27,'01.051.07.27.','Zarkt','زاكرت',3),
('01.051.','01.051.09.',01,'01.051.09.01.','Abdelghaya Souahel','عبدالغاية سواهيل',3),
('01.051.','01.051.09.',09,'01.051.09.09.','Bni Bouchibet','بني بوشيبات',3),
('01.051.','01.051.09.',13,'01.051.09.13.','Issaguen','إيساغن',3),
('01.051.','01.051.09.',15,'01.051.09.15.','Ketama','كتامة',3),
('01.051.','01.051.09.',17,'01.051.09.17.','Moulay Ahmed Cherif','مولاي أحمد شريف',3),
('01.051.','01.051.09.',23,'01.051.09.23.','Taghzout','تاغازوت',3),
('01.051.','01.051.09.',25,'01.051.09.25.','Tamsaout','تمزاوت',3),
('01.151.',NULL,01,'01.151.01.01.','Chefchaouen (Mun.)','شفشاون',2),
('01.151.','01.151.03.',03,'01.151.03.03.','Bab Berred','باب برد',3),
('01.151.','01.151.03.',13,'01.151.03.13.','Iounane','لونان',3),
('01.151.','01.151.03.',23,'01.151.03.23.','Tamorot','تاموروت',3),
('01.151.','01.151.05.',01,'01.151.05.01.','Bab Taza','باب تازة',3),
('01.151.','01.151.05.',03,'01.151.05.03.','Bni Darkoul','بني دركول',3),
('01.151.','01.151.05.',05,'01.151.05.05.','Bni Faghloum','بني فغلوم',3),
('01.151.','01.151.05.',07,'01.151.05.07.','Bni Salah','بني صلاح',3),
('01.151.','01.151.05.',09,'01.151.05.09.','Derdara','دردارة',3),
('01.151.','01.151.05.',11,'01.151.05.11.','Fifi','فيفي',3),
('01.151.','01.151.05.',13,'01.151.05.13.','Laghdir','الغدير',3),
('01.151.','01.151.05.',15,'01.151.05.15.','Tanaqoub','تنقوب',3),
('01.151.','01.151.06.',05,'01.151.06.05.','Bni Ahmed Cherqia','بني أحمد الشرقية',3),
('01.151.','01.151.06.',07,'01.151.06.07.','Bni Ahmed Gharbia','بني أحمد الغربية',3),
('01.151.','01.151.06.',15,'01.151.06.15.','Mansoura','المنصورة',3),
('01.151.','01.151.06.',21,'01.151.06.21.','Oued Malha','واد المالحة',3),
('01.151.','01.151.07.',01,'01.151.07.01.','Bni Bouzra','بني بوزرة',3),
('01.151.','01.151.07.',03,'01.151.07.03.','Bni Mansour','بني منصور',3),
('01.151.','01.151.07.',05,'01.151.07.05.','Bni Selmane','بني سلمان',3),
('01.151.','01.151.07.',07,'01.151.07.07.','Steha','اسطيحة',3),
('01.151.','01.151.07.',09,'01.151.07.09.','Talambote','تـلـمـبـوط',3),
('01.151.','01.151.07.',11,'01.151.07.11.','Tassift','تاسيفت',3),
('01.151.','01.151.07.',13,'01.151.07.13.','Tizgane','تيزغان',3),
('01.151.','01.151.09.',01,'01.151.09.01.','Amtar','أمطار',3),
('01.151.','01.151.09.',09,'01.151.09.09.','Bni Rzine','بني رزين',3),
('01.151.','01.151.09.',11,'01.151.09.11.','Bni Smih','بني أسمـيـح',3),
('01.151.','01.151.09.',17,'01.151.09.17.','M''tioua','متيوا',3),
('01.151.','01.151.09.',19,'01.151.09.19.','Ouaouzgane','اوزكان',3),
('01.227.','01.227.03.',05,'01.227.03.05.','Anjra','انجرة',3),
('01.227.','01.227.03.',11,'01.227.03.11.','Jouamaa','الجوامعة',3),
('01.227.','01.227.03.',13,'01.227.03.13.','Ksar El Majaz','القصر المجاز',3),
('01.227.','01.227.03.',21,'01.227.03.21.','Taghramt','تغرامت',3),
('01.227.','01.227.05.',01,'01.227.05.01.','Al Bahraoyine','البحراوين',3),
('01.227.','01.227.05.',05,'01.227.05.05.','Ksar Sghir','القصر الصغير',3),
('01.227.','01.227.05.',09,'01.227.05.09.','Malloussa','أملوس',3),
('01.331.',NULL,01,'01.331.01.01.','Ksar El Kebir (Mun.)','القصر الكبير',2),
('01.331.',NULL,03,'01.331.01.03.','Larache (Mun.)','العرائش',2),
('01.331.','01.331.07.',01,'01.331.07.01.','Bou Jedyane','بوجديان',3),
('01.331.','01.331.07.',03,'01.331.07.03.','Ksar Bjir','قصر بجير',3),
('01.331.','01.331.07.',05,'01.331.07.05.','Laouamra','العوامرة',3),
('01.331.','01.331.07.',11,'01.331.07.11.','Souk L''Qolla','سوق القلة',3),
('01.331.','01.331.07.',15,'01.331.07.15.','Tatoft',' تاطفت',3),
('01.331.','01.331.07.',17,'01.331.07.17.','Zouada','زوادة',3),
('01.331.','01.331.09.',01,'01.331.09.01.','Ayacha','عياشة',3),
('01.331.','01.331.09.',03,'01.331.09.03.','Bni Arouss','بني عروس',3),
('01.331.','01.331.09.',05,'01.331.09.05.','Bni Garfett','بني ڭرفط',3),
('01.331.','01.331.09.',13,'01.331.09.13.','Tazroute','تزروت',3),
('01.331.','01.331.09.',15,'01.331.09.15.','Zaaroura','زعرورة',3),
('01.331.','01.331.11.',03,'01.331.11.03.','Oulad Ouchih','أولاد أوشيح',3),
('01.331.','01.331.11.',07,'01.331.11.07.','Rissana Chamalia','ريصانة الشمالية',3),
('01.331.','01.331.11.',09,'01.331.11.09.','Rissana Janoubia','ريصانة الجنوبية',3),
('01.331.','01.331.11.',11,'01.331.11.11.','Sahel','الساحل',3),
('01.331.','01.331.11.',12,'01.331.11.12.','Souaken','السواكن',3),
('01.331.','01.331.11.',13,'01.331.11.13.','Souk Tolba','سوق طلبة',3),
('01.405.',NULL,09,'01.405.01.09.','Ouezzane (Mun.)','وزان',2),
('01.405.','01.405.07.',01,'01.405.07.01.','Bni Quolla','بني كلة',3),
('01.405.','01.405.07.',03,'01.405.07.03.','Lamjaara','لمجاعرة',3),
('01.405.','01.405.07.',05,'01.405.07.05.','Masmouda','مصمودة',3),
('01.405.','01.405.07.',07,'01.405.07.07.','Mzefroune','امزفرون',3),
('01.405.','01.405.07.',09,'01.405.07.09.','Ounnana','أونانة',3),
('01.405.','01.405.07.',11,'01.405.07.11.','Sidi Ahmed Cherif','سيدي أحمد الشريف',3),
('01.405.','01.405.07.',13,'01.405.07.13.','Sidi Bousber','سيدي بوصبر',3),
('01.405.','01.405.07.',15,'01.405.07.15.','Sidi Redouane','سيدي رضوان',3),
('01.405.','01.405.07.',17,'01.405.07.17.','Teroual','تروال',3),
('01.405.','01.405.07.',19,'01.405.07.19.','Zghira','الزغيرة',3),
('01.405.','01.405.09.',01,'01.405.09.01.','Ain Beida','عين البيضا',3),
('01.405.','01.405.09.',03,'01.405.09.03.','Asjen','أسجن',3),
('01.405.','01.405.09.',05,'01.405.09.05.','Brikcha','بريكشة',3),
('01.405.','01.405.09.',09,'01.405.09.09.','Moqrisset','مقريصات',3),
('01.405.','01.405.11.',07,'01.405.11.07.','Kalaat Bouqorra',' قلعة بوقـرّة',3),
('01.405.','01.405.11.',11,'01.405.11.11.','Zoumi','زومي',3),
('01.511.',NULL,01,'01.511.01.01.','Assilah (Mun.)','أصيلة',2),
('01.511.',NULL,03,'01.511.01.03.','Bni Makada (Arrond.)','بني مكادة ',0),
('01.511.',NULL,05,'01.511.01.05.','Charf-Mghogha (Arrond.)','الشرف مغوغة',0),
('01.511.',NULL,06,'01.511.01.06.','Charf-Souani (Arrond.)','الشرف السواني',0),
('01.511.',NULL,07,'01.511.01.07.','Tanger-Médina (Arrond.)','طنجة المدينة',0),
('01.511.',NULL,09,'01.511.01.09.','Gueznaia (Mun.)','اكزناية',2),
('01.511.','01.511.03.',01,'01.511.03.01.','Al Manzla','المنزلة',3),
('01.511.','01.511.03.',03,'01.511.03.03.','Aquouass Briech','أقواس بريش',3),
('01.511.','01.511.03.',05,'01.511.03.05.','Sebt Azzinate','سبت ازينات',3),
('01.511.','01.511.03.',07,'01.511.03.07.','Dar Chaoui','دار الشاوي',3),
('01.511.','01.511.03.',11,'01.511.03.11.','Sahel Chamali','الساحل الشمالي',3),
('01.511.','01.511.03.',13,'01.511.03.13.','Sidi Lyamani','سيدي اليماني',3),
('01.511.','01.511.03.',15,'01.511.03.15.','Had Al Gharbia','حد الغربية',3),
('01.511.','01.511.03.',17,'01.511.03.17.','Laaouama','العوامة',3),
('01.511.','01.511.81.',05,'01.511.81.05.','HJAR ENNHAL','حجر النحل',3),
('01.571.',NULL,07,'01.571.01.07.','Oued Laou (Mun.)','واد لاو',2),
('01.571.',NULL,11,'01.571.01.11.','Tétouan (Mun.)','تطوان',2),
('01.571.','01.571.03.',01,'01.571.03.01.','Ain Lahsan','عين لحسن',3),
('01.571.','01.571.03.',03,'01.571.03.03.','AL Kharroub',' الخروب',3),
('01.571.','01.571.03.',05,'01.571.03.05.','Bghaghza','بغاغزة',3),
('01.571.','01.571.03.',07,'01.571.03.07.','Bni Harchen','بني حرشان',3),
('01.571.','01.571.03.',09,'01.571.03.09.','Jbel Lahbib','جبل لحبيب',3),
('01.571.','01.571.03.',11,'01.571.03.11.','Bni Idder','بني يدر',3),
('01.571.','01.571.03.',15,'01.571.03.15.','Mallalienne','ملاليان',3),
('01.571.','01.571.03.',17,'01.571.03.17.','Saddina','سدينا',3),
('01.571.','01.571.03.',19,'01.571.03.19.','Souk Kdim','سوق قديم',3),
('01.571.','01.571.03.',21,'01.571.03.21.','Sahtryine','ساحترين',3),
('01.571.','01.571.05.',01,'01.571.05.01.','Al Hamra','الحمرا',3),
('01.571.','01.571.05.',05,'01.571.05.05.','Al Oued','الوادي',3),
('01.571.','01.571.05.',07,'01.571.05.07.','Azla','أزلا',3),
('01.571.','01.571.05.',13,'01.571.05.13.','Bni Leit','بني ليت',3),
('01.571.','01.571.05.',15,'01.571.05.15.','Bni Said','بني سعيد',3),
('01.571.','01.571.05.',17,'01.571.05.17.','Dar Bni Karrich','دار بن كريش',3),
('01.571.','01.571.05.',19,'01.571.05.19.','Oulad Ali Mansour','أولاد علي منصور',3),
('01.571.','01.571.05.',23,'01.571.05.23.','Zaitoune','زينتون',3),
('01.571.','01.571.05.',25,'01.571.05.25.','Zaouiat Sidi Kacem','زاوية سيدي قاسم',3),
('01.571.','01.571.05.',27,'01.571.05.27.','Zinat','زينات',3),
('01.573.',NULL,01,'01.573.01.01.','Fnideq (Mun.)','الفنيدق',2),
('01.573.',NULL,03,'01.573.01.03.','Martil (Mun.)','مرتيل',2),
('01.573.',NULL,05,'01.573.01.05.','M''Diq (Mun.)','المضيق',2),
('01.573.','01.573.03.',03,'01.573.03.03.','Allyene','العليين',3),
('01.573.','01.573.03.',05,'01.573.03.05.','Belyounech','بليونش',3),
('02.113.',NULL,01,'02.113.01.01.','Ahfir (Mun.)','أحفير',2),
('02.113.',NULL,05,'02.113.01.05.','Ain Erreggada (Mun.)','عين رڭادة ',2),
('02.113.',NULL,07,'02.113.01.07.','Aklim (Mun.)','أكليم',2),
('02.113.',NULL,09,'02.113.01.09.','Berkane (Mun.)','بركان',2),
('02.113.',NULL,25,'02.113.01.25.','Saidia (Mun.)','السعيدية ',2),
('02.113.',NULL,29,'02.113.01.29.','Sidi Slimane Echcharraa (Mun.)','سيدي سليمان الشراعة',2),
('02.113.','02.113.03.',01,'02.113.03.01.','Aghbal','أغبال',3),
('02.113.','02.113.03.',07,'02.113.03.07.','Fezouane','فزوان',3),
('02.113.','02.113.03.',09,'02.113.03.09.','Laatamna','لعثامنة',3),
('02.113.','02.113.03.',11,'02.113.03.11.','Madagh','مداغ',3),
('02.113.','02.113.05.',03,'02.113.05.03.','Boughriba','بوغربة',3),
('02.113.','02.113.05.',05,'02.113.05.05.','Chouihia','شويحية',3),
('02.113.','02.113.05.',13,'02.113.05.13.','Rislane','رسلان',3),
('02.113.','02.113.05.',15,'02.113.05.15.','Sidi Bouhria','سيدي بوهرية',3),
('02.113.','02.113.05.',17,'02.113.05.17.','Tafoughalt','تافوغالت',3),
('02.113.','02.113.05.',19,'02.113.05.19.','Zegzel','زكزل',3),
('02.167.',NULL,03,'02.167.01.03.','Ben Taieb (Mun.)','بن الطيب',2),
('02.167.',NULL,09,'02.167.01.09.','Driouch (Mun.)','الدريوش ',2),
('02.167.',NULL,13,'02.167.01.13.','Midar (Mun.)','ميدار',2),
('02.167.','02.167.03.',01,'02.167.03.01.','Ain Zohra','عين الزهراء',3),
('02.167.','02.167.03.',03,'02.167.03.03.','Ait Mait','آيت مائت',3),
('02.167.','02.167.03.',05,'02.167.03.05.','Amejjaou','أمجاو',3),
('02.167.','02.167.03.',07,'02.167.03.07.','Dar El Kebdani',' دار الكبداني',3),
('02.167.','02.167.03.',09,'02.167.03.09.','Mtalssa','متالسة',3),
('02.167.','02.167.03.',11,'02.167.03.11.','Oulad Boubker','أولاد بوبكر',3),
('02.167.','02.167.03.',13,'02.167.03.13.','Tazaghine','تزغين',3),
('02.167.','02.167.09.',01,'02.167.09.01.','Azlaf','أزلاف',3),
('02.167.','02.167.09.',05,'02.167.09.05.','Bni Marghnine','بني مرغنين',3),
('02.167.','02.167.09.',07,'02.167.09.07.','Boudinar',' بودينار',3),
('02.167.','02.167.09.',09,'02.167.09.09.','Iferni','إفرني',3),
('02.167.','02.167.09.',11,'02.167.09.11.','Ijermaouas','إجرمواس',3),
('02.167.','02.167.09.',15,'02.167.09.15.','M''Hajer',' مهاجر',3),
('02.167.','02.167.09.',17,'02.167.09.17.','Ouardana','وردانة',3),
('02.167.','02.167.09.',19,'02.167.09.19.','Oulad Amghar','أولاد أمغار',3),
('02.167.','02.167.09.',21,'02.167.09.21.','Tafersit','تفرسيت',3),
('02.167.','02.167.09.',23,'02.167.09.23.','Talilit','تليليت',3),
('02.167.','02.167.09.',25,'02.167.09.25.','Temsamane','تمسمان',3),
('02.167.','02.167.09.',27,'02.167.09.27.','Trougout','تروكوت',3),
('02.167.','02.167.09.',29,'02.167.09.29.','Tsaft','تسافت',3),
('02.251.',NULL,01,'02.251.01.01.','Bouarfa (Mun.)','بوعرفة',2),
('02.251.',NULL,03,'02.251.01.03.','Figuig (Mun.)','فكيك',2),
('02.251.','02.251.03.',01,'02.251.03.01.','Ain Chouater','عين شواطر',3),
('02.251.','02.251.03.',03,'02.251.03.03.','Bni Tadjite','بني تجيت',3),
('02.251.','02.251.03.',05,'02.251.03.05.','Bouanane','بوانان',3),
('02.251.','02.251.03.',07,'02.251.03.07.','Bouchaouene','بوشاون',3),
('02.251.','02.251.03.',09,'02.251.03.09.','Boumerieme','بومريم',3),
('02.251.','02.251.03.',11,'02.251.03.11.','Talsint','تالسينت',3),
('02.251.','02.251.03.',13,'02.251.03.13.','Ain Chair','عين الشعير',3),
('02.251.','02.251.05.',01,'02.251.05.01.','Abbou Lakhal','عبو لكحل',3),
('02.251.','02.251.05.',03,'02.251.05.03.','Bni Guil','بني كيل',3),
('02.251.','02.251.05.',05,'02.251.05.05.','Maatarka','معاطركة',3),
('02.251.','02.251.05.',07,'02.251.05.07.','Tendrara','تندرارة',3),
('02.265.',NULL,03,'02.265.01.03.','Guercif (Mun.)','غرسيف',2),
('02.265.','02.265.05.',01,'02.265.05.01.','Assebbab','الصباب',3),
('02.265.','02.265.05.',03,'02.265.05.03.','Barkine','باركين',3),
('02.265.','02.265.05.',05,'02.265.05.05.','Houara Oulad Raho','هوارة أولاد رحو',3),
('02.265.','02.265.05.',07,'02.265.05.07.','Lamrija','لمريجة',3),
('02.265.','02.265.05.',15,'02.265.05.15.','Saka','السقا',3),
('02.265.','02.265.07.',09,'02.265.07.09.','Mazguitam','مزﯕيتام',3),
('02.265.','02.265.07.',11,'02.265.07.11.','Oulad Bourima','أولاد بوريمة',3),
('02.265.','02.265.07.',13,'02.265.07.13.','Ras Laksar','راس القصر',3),
('02.265.','02.265.07.',17,'02.265.07.17.','Taddart','تادرت',3),
('02.275.',NULL,03,'02.275.01.03.','Ain Bni Mathar (Mun.)','عين بني مطهر',2),
('02.275.',NULL,17,'02.275.01.17.','Jerada (Mun.)','جرادة',2),
('02.275.',NULL,35,'02.275.01.35.','Touissit (Mun.)','تويسيت',2),
('02.275.','02.275.03.',03,'02.275.03.03.','Gafait','كفايت',3),
('02.275.','02.275.03.',05,'02.275.03.05.','Guenfouda','ڭنفودة',3),
('02.275.','02.275.03.',07,'02.275.03.07.','Laaouinate','لعوينات',3),
('02.275.','02.275.03.',09,'02.275.03.09.','Lebkhata','لبخاتة',3),
('02.275.','02.275.03.',13,'02.275.03.13.','Ras Asfour','رأس عصفور',3),
('02.275.','02.275.03.',15,'02.275.03.15.','Sidi Boubker','سيدي بوبكر',3),
('02.275.','02.275.03.',21,'02.275.03.21.','Tiouli','تيولي',3),
('02.275.','02.275.05.',01,'02.275.05.01.','Bni Mathar','بني مطهر',3),
('02.275.','02.275.05.',11,'02.275.05.11.','Mrija','مريجة',3),
('02.275.','02.275.05.',13,'02.275.05.13.','Oulad Ghziyel','أولاد غزيل',3),
('02.275.','02.275.05.',15,'02.275.05.15.','Oulad Sidi Abdelhakem','أولاد سيدي عبد الحاكم',3),
('02.381.',NULL,01,'02.381.01.01.','Al Aaroui (Mun.)','العروي',2),
('02.381.',NULL,03,'02.381.01.03.','Bni Ansar (Mun.)','بني انصار',2),
('02.381.',NULL,05,'02.381.01.05.','Nador (Mun.)','الناظور',2),
('02.381.',NULL,07,'02.381.01.07.','Zaio (Mun.)','زايو',2),
('02.381.',NULL,09,'02.381.01.09.','Zeghanghane (Mun.)','أزغنغان ',2),
('02.381.',NULL,15,'02.381.01.15.','Ras El Ma (Mun.)','رأس الما ',2),
('02.381.',NULL,19,'02.381.01.19.','Selouane (Mun.)','سلوان',2),
('02.381.','02.381.05.',01,'02.381.05.01.','Bni Bouifrour','بني بويافر',3),
('02.381.','02.381.05.',03,'02.381.05.03.','Bni Chiker','بني شيكر',3),
('02.381.','02.381.05.',05,'02.381.05.05.','Bni Sidel Jbel','بني سيدال الجبل',3),
('02.381.','02.381.05.',07,'02.381.05.07.','Bni Sidel Louta','بني سيدال لوطا',3),
('02.381.','02.381.05.',09,'02.381.05.09.','Bouarg','بوعرك',3),
('02.381.','02.381.05.',13,'02.381.05.13.','Iaazzanene','إيعزانن',3),
('02.381.','02.381.05.',15,'02.381.05.15.','Ihaddadene','إيحدادن',3),
('02.381.','02.381.05.',17,'02.381.05.17.','Iksane','إكــسان',3),
('02.381.','02.381.07.',01,'02.381.07.01.','Afsou','أفسو',3),
('02.381.','02.381.07.',03,'02.381.07.03.','Al Barkanyene','البركانين',3),
('02.381.','02.381.07.',05,'02.381.07.05.','Arekmane',' أرکمان',3),
('02.381.','02.381.07.',07,'02.381.07.07.','Bni Oukil Oulad M''Hand','بني وكيل ولاد مهند',3),
('02.381.','02.381.07.',09,'02.381.07.09.','Hassi Berkane','حاسي بركان',3),
('02.381.','02.381.07.',11,'02.381.07.11.','Oulad Daoud Zkhanine',' أولاد داوود زخانين',3),
('02.381.','02.381.07.',13,'02.381.07.13.','Oulad Settout','أولاد استوت',3),
('02.381.','02.381.07.',17,'02.381.07.17.','Tiztoutine',' تيزضوضين',3),
('02.411.',NULL,11,'02.411.01.11.','Bni Drar (Mun.)','بني درار',2),
('02.411.',NULL,19,'02.411.01.19.','Naima (Mun.)','نعيمة ',2),
('02.411.',NULL,23,'02.411.01.23.','Oujda (Mun.)',' وجدة ',2),
('02.411.','02.411.03.',01,'02.411.03.01.','Ahl Angad','أهل أنجاد',3),
('02.411.','02.411.03.',03,'02.411.03.03.','Ain Sfa','عين صفا',3),
('02.411.','02.411.03.',05,'02.411.03.05.','Bni Khaled','بني خالد',3),
('02.411.','02.411.03.',07,'02.411.03.07.','Bsara','بصارة',3),
('02.411.','02.411.05.',09,'02.411.05.09.','Isly','ايزلي',3),
('02.411.','02.411.05.',11,'02.411.05.11.','Mestferki','مستفركي',3),
('02.411.','02.411.05.',17,'02.411.05.17.','Sidi Boulenouar','سيدي بولنوار',3),
('02.411.','02.411.05.',19,'02.411.05.19.','Sidi Moussa Lemhaya','سيدي موسى لمهاية',3),
('02.533.',NULL,13,'02.533.01.13.','Debdou (Mun.)','دبدو',2),
('02.533.',NULL,15,'02.533.01.15.','El Aioun Sidi Mellouk (Mun.)','العيون سيدي ملوك ',2),
('02.533.',NULL,33,'02.533.01.33.','Taourirt (Mun.)','تاوريرت',2),
('02.533.','02.533.03.',05,'02.533.03.05.','El Atef','عاطف',3),
('02.533.','02.533.03.',15,'02.533.03.15.','Oulad M''hammed','أولاد محمد',3),
('02.533.','02.533.03.',17,'02.533.03.17.','Sidi Ali Bel Quassem','سيدي علي بلحاج قاسم',3),
('02.533.','02.533.03.',19,'02.533.03.19.','Sidi Lahsen','سيدي لحسن',3),
('02.533.','02.533.07.',03,'02.533.07.03.','Ain Lehjer','عين لحجر',3),
('02.533.','02.533.07.',09,'02.533.07.09.','Mechraa Hammadi','مشرع حمادي',3),
('02.533.','02.533.07.',13,'02.533.07.13.','Mestegmer','مستكمر',3),
('02.533.','02.533.07.',21,'02.533.07.21.','Tancherfi','تنشرفي',3),
('02.533.','02.533.09.',01,'02.533.09.01.','Ahl Oued Za','أهل وادزا',3),
('02.533.','02.533.09.',07,'02.533.09.07.','Gteter','كتاتر',3),
('02.533.','02.533.09.',11,'02.533.09.11.','Melg El Ouidane','ملقى الويدان',3),
('03.061.',NULL,01,'03.061.01.01.','Meknès (Mun.)','مكناس',2),
('03.061.',NULL,03,'03.061.01.03.','Al Machouar - Stinia (Mun.)','المشوار-ستينيا',2),
('03.061.',NULL,05,'03.061.01.05.','Boufakrane (Mun.)','بوفكران',2),
('03.061.',NULL,07,'03.061.01.07.','Toulal (Mun.)','تولال ',2),
('03.061.',NULL,09,'03.061.01.09.','Moulay Driss Zerhoun (Mun.)','مولاي إدريس زرهون',2),
('03.061.',NULL,11,'03.061.01.11.','Ouislane (Mun.)','ويسلان',2),
('03.061.','03.061.03.',01,'03.061.03.01.','Ain Jemaa','عين جمعة',3),
('03.061.','03.061.03.',02,'03.061.03.02.','Ain Karma- Oued Rommane','عين كرمة',3),
('03.061.','03.061.03.',05,'03.061.03.05.','Ain Orma','عين عرمة',3),
('03.061.','03.061.03.',07,'03.061.03.07.','Ait Ouallal','آيت ولال',3),
('03.061.','03.061.03.',09,'03.061.03.09.','Dar Oum Soltane','دار أم سلطان',3),
('03.061.','03.061.05.',01,'03.061.05.01.','Dkhissa','الدخيسة',3),
('03.061.','03.061.05.',03,'03.061.05.03.','Majjate','مجّاط',3),
('03.061.','03.061.05.',05,'03.061.05.05.','M''haya','المهاية',3),
('03.061.','03.061.05.',07,'03.061.05.07.','Oued Jdida','واد جديدة',3),
('03.061.','03.061.05.',09,'03.061.05.09.','Sidi Slimane Moul Al Kifane','سيدي سليمان مول آلكيفان',3),
('03.061.','03.061.07.',01,'03.061.07.01.','Charqaoua','شرقاوة',3),
('03.061.','03.061.07.',05,'03.061.07.05.','MRhassiyine','مرحاسيين',3),
('03.061.','03.061.07.',07,'03.061.07.07.','N''zalat Bni Amar','نزالة بني عمار',3),
('03.061.','03.061.07.',09,'03.061.07.09.','Oualili',' وليلي',3),
('03.061.','03.061.07.',11,'03.061.07.11.','Sidi Abdallah Al Khayat','سيدي عبد الله الخياط',3),
('03.131.',NULL,01,'03.131.01.01.','Boulemane (Mun.)','بولمان',2),
('03.131.',NULL,02,'03.131.01.02.','Imouzzer Marmoucha (Mun.)','إيموزار مرموشة ',2),
('03.131.',NULL,03,'03.131.01.03.','Missour (Mun.)','ميسور',2),
('03.131.',NULL,05,'03.131.01.05.','Outat El Haj (Mun.)','أوطاط الحاج',2),
('03.131.','03.131.03.',01,'03.131.03.01.','Ait Bazza','آيت بازا',3),
('03.131.','03.131.03.',03,'03.131.03.03.','Ait El Mane','آيت المان',3),
('03.131.','03.131.03.',05,'03.131.03.05.','Almis Marmoucha','ألميس مرموشة',3),
('03.131.','03.131.03.',07,'03.131.03.07.','El Mers','المرس',3),
('03.131.','03.131.03.',09,'03.131.03.09.','Enjil','إنجيل',3),
('03.131.','03.131.03.',11,'03.131.03.11.','Guigou','جيجو',3),
('03.131.','03.131.03.',13,'03.131.03.13.','Serghina','سرغينة',3),
('03.131.','03.131.03.',15,'03.131.03.15.','Skoura M''Daz','سكورة مداز',3),
('03.131.','03.131.03.',17,'03.131.03.17.','Talzemt','تالزمت',3),
('03.131.','03.131.05.',01,'03.131.05.01.','Ksabi Moulouya','القصابي ملوية',3),
('03.131.','03.131.05.',03,'03.131.05.03.','Ouizeght','ويزغت',3),
('03.131.','03.131.05.',05,'03.131.05.05.','Sidi Boutayeb','سيدي بوطيب',3),
('03.131.','03.131.07.',01,'03.131.07.01.','El Orjane','العرجان',3),
('03.131.','03.131.07.',03,'03.131.07.03.','Ermila','الرميلة',3),
('03.131.','03.131.07.',05,'03.131.07.05.','Fritissa','فرتيسة',3),
('03.131.','03.131.07.',07,'03.131.07.07.','Oulad Ali Youssef','أولاد علي يوسف',3),
('03.131.','03.131.07.',09,'03.131.07.09.','Tissaf','تيساف',3),
('03.171.',NULL,01,'03.171.01.01.','Agourai (Mun.)','أكوراي',2),
('03.171.',NULL,03,'03.171.01.03.','Ain Taoujdate (Mun.)','عين تاوجطات',2),
('03.171.',NULL,05,'03.171.01.05.','El Hajeb (Mun.)','الحاجب ',2),
('03.171.',NULL,07,'03.171.01.07.','Sabaa Aiyoun (Mun.)','السبع عيون',2),
('03.171.','03.171.03.',01,'03.171.03.01.','Ait Ouikhalfen','آيت ويخلفن',3),
('03.171.','03.171.03.',03,'03.171.03.03.','Ait Yaazem','آيت يعزم',3),
('03.171.','03.171.03.',05,'03.171.03.05.','Jahjouh','جحجوح',3),
('03.171.','03.171.03.',07,'03.171.03.07.','Ras Ijerri','رأس لجري',3),
('03.171.','03.171.03.',09,'03.171.03.09.','Tamchachate','تامشاشات',3),
('03.171.','03.171.05.',01,'03.171.05.01.','Ait Boubidmane','آيت بوبيدمان',3),
('03.171.','03.171.05.',03,'03.171.05.03.','Ait Harz Allah','آيت حرز الله',3),
('03.171.','03.171.05.',05,'03.171.05.05.','Bitit','بيتيت',3),
('03.171.','03.171.05.',07,'03.171.05.07.','Laqsir',' القصير',3),
('03.171.','03.171.07.',01,'03.171.07.01.','Ait Bourzouine','آيت بورزوين',3),
('03.171.','03.171.07.',03,'03.171.07.03.','Ait Naamane','آيت نعمان',3),
('03.171.','03.171.07.',05,'03.171.07.05.','Iqaddar','اقدار',3),
('03.231.',NULL,01,'03.231.01.01.','Agdal (Arrond.)','أكدال',0),
('03.231.',NULL,03,'03.231.01.03.','Méchouar Fès Jdid (Mun.)','المشوار فاس جديد',2),
('03.231.',NULL,05,'03.231.01.05.','Saiss (Arrond.)','سايس',0),
('03.231.',NULL,07,'03.231.01.07.','Fès-Médina (Arrond.)','فاس-مدينة',0),
('03.231.',NULL,09,'03.231.01.09.','Jnan El Ouard (Arrond.)','جنان الوارد',0),
('03.231.',NULL,11,'03.231.01.11.','El Mariniyine (Arrond.)','المارينيين',0),
('03.231.',NULL,13,'03.231.01.13.','Zouagha (Arrond.)','زواغة ',0),
('03.231.','03.231.81.',01,'03.231.81.01.','Oulad Tayeb','أولاد الطيب',3),
('03.231.','03.231.81.',03,'03.231.81.03.','Ain Bida','عين بدع',3),
('03.231.','03.231.81.',05,'03.231.81.05.','Sidi Harazem','سيدي حرازم',3),
('03.271.',NULL,01,'03.271.01.01.','Azrou (Mun.)','أزرو',2),
('03.271.',NULL,03,'03.271.01.03.','Ifrane (Mun.)','افران',2),
('03.271.','03.271.03.',01,'03.271.03.01.','Ain Leuh','عين اللوح',3),
('03.271.','03.271.03.',03,'03.271.03.03.','Ben Smim','بن سميم',3),
('03.271.','03.271.03.',05,'03.271.03.05.','Oued Ifrane','واد إفران',3),
('03.271.','03.271.03.',07,'03.271.03.07.','Sidi El Makhfi','سيدي المخفي',3),
('03.271.','03.271.03.',09,'03.271.03.09.','Tigrigra','تيغريغرا',3),
('03.271.','03.271.03.',11,'03.271.03.11.','Timahdite','تيمحضيت',3),
('03.271.','03.271.81.',01,'03.271.81.01.','Dayat Aoua','ضاية عوا',3),
('03.271.','03.271.81.',03,'03.271.81.03.','Tizguite','تيزكيت',3),
('03.451.',NULL,01,'03.451.01.01.','Bhalil (Mun.)','بهاليل',2),
('03.451.',NULL,03,'03.451.01.03.','El Menzel (Mun.)',' منزل',2),
('03.451.',NULL,05,'03.451.01.05.','Imouzzer Kandar (Mun.)','إيموزار كندر',2),
('03.451.',NULL,07,'03.451.01.07.','Ribate El Kheir (Mun.)','الرباط الخير',2),
('03.451.',NULL,09,'03.451.01.09.','Sefrou (Mun.)','صفرو',2),
('03.451.','03.451.03.',01,'03.451.03.01.','Adrej','ادرج',3),
('03.451.','03.451.03.',03,'03.451.03.03.','Ain Timguenai','عين تمغناي',3),
('03.451.','03.451.03.',05,'03.451.03.05.','Bir Tam Tam','بير تام تام',3),
('03.451.','03.451.03.',07,'03.451.03.07.','Dar El Hamra','دار الحمراء',3),
('03.451.','03.451.03.',09,'03.451.03.09.','Ighzrane','إغزران',3),
('03.451.','03.451.03.',11,'03.451.03.11.','Mtarnagha','مـطارناغة',3),
('03.451.','03.451.03.',13,'03.451.03.13.','Oulad Mkoudou','أولاد مكودو',3),
('03.451.','03.451.03.',15,'03.451.03.15.','Ras Tabouda','رأس تابودة',3),
('03.451.','03.451.03.',17,'03.451.03.17.','Tafajight','تافاجيغت',3),
('03.451.','03.451.05.',01,'03.451.05.01.','Ain Cheggag','عين شكاك',3),
('03.451.','03.451.05.',03,'03.451.05.03.','Ait Sebaa Lajrouf','آيت سبع لجروف',3),
('03.451.','03.451.07.',01,'03.451.07.01.','Aghbalou Aqorar','أغبالو أقرار',3),
('03.451.','03.451.07.',03,'03.451.07.03.','Ahl Sidi Lahcen','أهل سيدي لحسن',3),
('03.451.','03.451.07.',05,'03.451.07.05.','Azzaba','عزابة',3),
('03.451.','03.451.07.',07,'03.451.07.07.','Kandar Sidi Khiar','كندر سيدي خير',3),
('03.451.','03.451.07.',09,'03.451.07.09.','Laanoussar','لعنوسار',3),
('03.451.','03.451.07.',11,'03.451.07.11.','Sidi YoussefBen Ahmed','سيدي يوسف بن أحمد ',3),
('03.451.','03.451.07.',13,'03.451.07.13.','Tazouta','تازوتة',3),
('03.531.',NULL,01,'03.531.01.01.','Ghafsai (Mun.)','غفساي',2),
('03.531.',NULL,03,'03.531.01.03.','Karia Ba Mohamed (Mun.)','قرية با محمد',2),
('03.531.',NULL,05,'03.531.01.05.','Taounate (Mun.)','تاونات',2),
('03.531.',NULL,07,'03.531.01.07.','Thar Es-souk (Mun.)','طهار السوق',2),
('03.531.',NULL,09,'03.531.01.09.','Tissa (Mun.)','تيسا',2),
('03.531.','03.531.03.',01,'03.531.03.01.','El Bibane','البيبان',3),
('03.531.','03.531.03.',03,'03.531.03.03.','Galaz','غالاز',3),
('03.531.','03.531.03.',05,'03.531.03.05.','Kissane','كيسان',3),
('03.531.','03.531.03.',07,'03.531.03.07.','Oudka',' الودكة',3),
('03.531.','03.531.03.',09,'03.531.03.09.','Ouartzagh','اوارتزاغ',3),
('03.531.','03.531.03.',11,'03.531.03.11.','Ratba','الرطبة',3),
('03.531.','03.531.03.',13,'03.531.03.13.','Sidi Haj M''hamed','الحاج سيدي محمد',3),
('03.531.','03.531.03.',15,'03.531.03.15.','Sidi Mokhfi','سيدي مخفي',3),
('03.531.','03.531.03.',17,'03.531.03.17.','Sidi YahyaBni Zeroual','سيدي يحي بني زروال',3),
('03.531.','03.531.03.',19,'03.531.03.19.','Tabouda','تبودة',3),
('03.531.','03.531.03.',21,'03.531.03.21.','Tafrant','تفرنت',3),
('03.531.','03.531.03.',23,'03.531.03.23.','Timezgana','تيمزكانة',3),
('03.531.','03.531.05.',01,'03.531.05.01.','Bni Snous','بني سنوس',3),
('03.531.','03.531.05.',03,'03.531.05.03.','Bouchabel','بوشابل',3),
('03.531.','03.531.05.',05,'03.531.05.05.','Rhouazi','رهوازي',3),
('03.531.','03.531.05.',07,'03.531.05.07.','Jbabra','جبابرة ',3),
('03.531.','03.531.05.',09,'03.531.05.09.','Loulja',' الولجة',3),
('03.531.','03.531.05.',11,'03.531.05.11.','Mkansa','مكانسة',3),
('03.531.','03.531.05.',13,'03.531.05.13.','Moulay Abdelkrim','مولاي عبد الكريم',3),
('03.531.','03.531.05.',15,'03.531.05.15.','Moulay Bouchta','مولاي بوشتة',3),
('03.531.','03.531.05.',17,'03.531.05.17.','Sidi El Abed','سيدي العابد',3),
('03.531.','03.531.07.',01,'03.531.07.01.','Ain Mediouna','عين مديونة',3),
('03.531.','03.531.07.',03,'03.531.07.03.','Bni Oulid','بني وليد',3),
('03.531.','03.531.07.',05,'03.531.07.05.','Bni Ounjel Tafraout','بني اونجل تافراوت',3),
('03.531.','03.531.07.',07,'03.531.07.07.','Bouadel','بوعادل',3),
('03.531.','03.531.07.',09,'03.531.07.09.','Bouhouda','بوهودة',3),
('03.531.','03.531.07.',11,'03.531.07.11.','Fennassa Bab El Hit','فناسة باب الهيت',3),
('03.531.','03.531.07.',13,'03.531.07.13.','Khlalfa','خلالفة',3),
('03.531.','03.531.07.',15,'03.531.07.15.','Mezraoua',' مزراوة',3),
('03.531.','03.531.07.',17,'03.531.07.17.','Rghioua','رغيوة',3),
('03.531.','03.531.07.',19,'03.531.07.19.','Tamedit','تمضيت',3),
('03.531.','03.531.07.',21,'03.531.07.21.','Zrizer','زريزر',3),
('03.531.','03.531.09.',01,'03.531.09.01.','Ain Aicha','عين عائشة',3),
('03.531.','03.531.09.',03,'03.531.09.03.','Ain Legdah','عين لكدح',3),
('03.531.','03.531.09.',05,'03.531.09.05.','Ain Maatouf','عين معطوف',3),
('03.531.','03.531.09.',07,'03.531.09.07.','Bouarouss','بوعروس',3),
('03.531.','03.531.09.',09,'03.531.09.09.','El Bsabsa','البسابسة',3),
('03.531.','03.531.09.',11,'03.531.09.11.','Messassa','مساسة',3),
('03.531.','03.531.09.',13,'03.531.09.13.','Oued Jemaa','وادي الجمعة',3),
('03.531.','03.531.09.',15,'03.531.09.15.','Oulad Ayyad','أولاد عياد',3),
('03.531.','03.531.09.',17,'03.531.09.17.','Oulad Daoud','أولاد داود',3),
('03.531.','03.531.09.',19,'03.531.09.19.','Outabouabane','اوطابوعبان',3),
('03.531.','03.531.09.',21,'03.531.09.21.','Ras El Oued','رأس الوادي',3),
('03.531.','03.531.09.',23,'03.531.09.23.','Sidi M''HamedBen Lahcen','سيدي محمد بن لحسن',3),
('03.561.',NULL,01,'03.561.01.01.','Aknoul (Mun.)','اكنول',2),
('03.561.',NULL,05,'03.561.01.05.','Oued Amlil (Mun.)','واد أمليل',2),
('03.561.',NULL,07,'03.561.01.07.','Tahla (Mun.)','طحلة',2),
('03.561.',NULL,11,'03.561.01.11.','Taza (Mun.)','تازة',2),
('03.561.','03.561.03.',01,'03.561.03.01.','Ajdir','اجدير',3),
('03.561.','03.561.03.',03,'03.561.03.03.','Bourd','بورد',3),
('03.561.','03.561.03.',05,'03.561.03.05.','Gzenaya Al Janoubia','اڭزناية الجنوبية',3),
('03.561.','03.561.03.',07,'03.561.03.07.','Jbarna','اجبارنة',3),
('03.561.','03.561.03.',09,'03.561.03.09.','Sidi Ali Bourakba','سيدي علي بورقبة',3),
('03.561.','03.561.03.',11,'03.561.03.11.','Tizi Ouasli','تيزي وسلي',3),
('03.561.','03.561.07.',01,'03.561.07.01.','Bni Frassen','بني فراسن',3),
('03.561.','03.561.07.',03,'03.561.07.03.','Bouchfaa','بوشفة',3),
('03.561.','03.561.07.',05,'03.561.07.05.','Bouhlou','بوحلو',3),
('03.561.','03.561.07.',07,'03.561.07.07.','Ghiata Al Gharbia','غياطة المنطقة الغربية',3),
('03.561.','03.561.07.',09,'03.561.07.09.','Oulad Zbair','أولاد زباير',3),
('03.561.','03.561.07.',11,'03.561.07.11.','Rbaa El Fouki','الربع الفوقي',3),
('03.561.','03.561.09.',01,'03.561.09.01.','Ait Saghrouchen','آيت سغروشن',3),
('03.561.','03.561.09.',03,'03.561.09.03.','Bouyablane','بويبلان',3),
('03.561.','03.561.09.',07,'03.561.09.07.','Matmata','مطماطة',3),
('03.561.','03.561.09.',09,'03.561.09.09.','Smià','سمية',3),
('03.561.','03.561.09.',11,'03.561.09.11.','Tazarine','تازارين',3),
('03.561.','03.561.09.',13,'03.561.09.13.','Zrarda','زراردة',3),
('03.561.','03.561.11.',01,'03.561.11.01.','Bni Ftah','بني فتح',3),
('03.561.','03.561.11.',03,'03.561.11.03.','Brarha','برارحة',3),
('03.561.','03.561.11.',05,'03.561.11.05.','El Gouzate','الغوزات',3),
('03.561.','03.561.11.',07,'03.561.11.07.','Kaf El Ghar','كاف الغار',3),
('03.561.','03.561.11.',09,'03.561.11.09.','Msila','المسيلة',3),
('03.561.','03.561.11.',11,'03.561.11.11.','Taifa','الطايفة',3),
('03.561.','03.561.11.',13,'03.561.11.13.','Tainaste','تاينست',3),
('03.561.','03.561.11.',15,'03.561.11.15.','Traiba','اترايبة',3),
('03.561.','03.561.13.',01,'03.561.13.01.','Bab Boudir','بودير',3),
('03.561.','03.561.13.',03,'03.561.13.03.','Bab Marzouka','مرزوقة',3),
('03.561.','03.561.13.',05,'03.561.13.05.','Bni Lent','بني لنت',3),
('03.561.','03.561.13.',07,'03.561.13.07.','Galdamane','كالدامان',3),
('03.561.','03.561.13.',09,'03.561.13.09.','Meknassa Acharqia','مكناسة الشرقية',3),
('03.561.','03.561.13.',11,'03.561.13.11.','Meknassa Al Gharbia','مكناسة الغربية',3),
('03.561.','03.561.13.',13,'03.561.13.13.','Oulad Chrif','أولاد الشريف',3),
('03.561.','03.561.13.',15,'03.561.13.15.','Maghraoua','مغراوة',3),
('03.591.',NULL,01,'03.591.01.01.','Moulay Yacoub (Mun.)','مولاي يعقوب ',2),
('03.591.','03.591.03.',01,'03.591.03.01.','Ain Chkef','عين شقف',3),
('03.591.','03.591.03.',03,'03.591.03.03.','Mikkes','ميكس',3),
('03.591.','03.591.03.',05,'03.591.03.05.','Sebaa Rouadi','السبع الروادي',3),
('03.591.','03.591.03.',07,'03.591.03.07.','Sebt Loudaya','سبت لوداية',3),
('03.591.','03.591.05.',01,'03.591.05.01.','Ain Bou Ali','عين بو علي',3),
('03.591.','03.591.05.',02,'03.591.05.02.','Ain Kansra','عين قنصرة',3),
('03.591.','03.591.05.',03,'03.591.05.03.','Laajajra','لعجاجرة',3),
('03.591.','03.591.05.',05,'03.591.05.05.','Louadaine','لواداين',3),
('03.591.','03.591.05.',07,'03.591.05.07.','Oulad Mimoun','أولاد ميمون',3),
('03.591.','03.591.05.',09,'03.591.05.09.','Sidi Daoud','سيدي داود',3),
('04.281.',NULL,01,'04.281.01.01.','Kénitra (Mun.)','القنيطرة',2),
('04.281.',NULL,05,'04.281.01.05.','Mehdya (Mun.)','مهدية',2),
('04.281.',NULL,11,'04.281.01.11.','Souk El Arbaa (Mun.)','سوق أربعاء الغرب',2),
('04.281.','04.281.03.',01,'04.281.03.01.','Ameur Seflia','عامر السفلية',3),
('04.281.','04.281.03.',05,'04.281.03.05.','Haddada','حدادة',3),
('04.281.','04.281.03.',11,'04.281.03.11.','Ouled Slama','أولاد سلامة',3),
('04.281.','04.281.03.',13,'04.281.03.13.','Sidi Taibi','سيدي الطيبي',3),
('04.281.','04.281.05.',03,'04.281.05.03.','Ben Mansour','بن منصور',3),
('04.281.','04.281.05.',07,'04.281.05.07.','Mnasra','مناصرا',3),
('04.281.','04.281.05.',09,'04.281.05.09.','Mograne','مڭرن',3),
('04.281.','04.281.05.',11,'04.281.05.11.','Sidi Mohamed Ben Mansour','سيدي محمد بن منصور',3),
('04.281.','04.281.07.',01,'04.281.07.01.','Arbaoua','عرباوة',3),
('04.281.','04.281.07.',03,'04.281.07.03.','Beni Malek','بني مالك',3),
('04.281.','04.281.07.',05,'04.281.07.05.','Kariat Ben Aouda','قرية بن عودة',3),
('04.281.','04.281.07.',07,'04.281.07.07.','Oued El Makhazine','الواد المخازين',3),
('04.281.','04.281.09.',01,'04.281.09.01.','Bahhara Ouled Ayad','بحارة أولاد عياد',3),
('04.281.','04.281.09.',09,'04.281.09.09.','Sidi Allal Tazi','سيدي علال التازي',3),
('04.281.','04.281.09.',13,'04.281.09.13.','Sidi Mohamed Lahmar','سيدي محمد لحمر',3),
('04.281.','04.281.09.',15,'04.281.09.15.','Souk Tlet El Gharb','سوق الثلاثاء الغرب',3),
('04.281.','04.281.11.',03,'04.281.11.03.','Chouafaa','الشوافعة',3),
('04.281.','04.281.11.',05,'04.281.11.05.','Lalla Mimouna','للا ميمونة',3),
('04.281.','04.281.11.',07,'04.281.11.07.','Moulay Bousselham','مولاي بوسلهام',3),
('04.281.','04.281.11.',11,'04.281.11.11.','Sidi Boubker El Haj','سيدي بوبكر الحاج',3),
('04.291.',NULL,01,'04.291.01.01.','Khémisset (Mun.)','الخميسات ',2),
('04.291.',NULL,03,'04.291.01.03.','Rommani (Mun.)','الرماني ',2),
('04.291.',NULL,05,'04.291.01.05.','Tiflet (Mun.)','تيفلت',2),
('04.291.',NULL,17,'04.291.01.17.','Sidi Allal El Bahraoui (Mun.)','سيدي علال البحراوي',2),
('04.291.','04.291.03.',01,'04.291.03.01.','Ait Mimoune','آيت ميمون',3),
('04.291.','04.291.03.',03,'04.291.03.03.','Ait Ouribel','آيت أوريبل',3),
('04.291.','04.291.03.',05,'04.291.03.05.','Ait Siberne','آيت سيبرن',3),
('04.291.','04.291.03.',07,'04.291.03.07.','Ait Yadine','آيت يادين',3),
('04.291.','04.291.03.',09,'04.291.03.09.','El Ganzra','الكتزرة',3),
('04.291.','04.291.03.',11,'04.291.03.11.','Majmaa Tolba','مجمع طلبة',3),
('04.291.','04.291.03.',13,'04.291.03.13.','Sfassif','صفاصيف',3),
('04.291.','04.291.03.',15,'04.291.03.15.','Sidi Allal Lamsadder','سيدي علال لمصدر',3),
('04.291.','04.291.03.',17,'04.291.03.17.','Sidi El Ghandour','سيدي الغندور',3),
('04.291.','04.291.05.',01,'04.291.05.01.','Ait Ichou','آيت إيشو',3),
('04.291.','04.291.05.',03,'04.291.05.03.','Ait Ikkou','آيت اكو',3),
('04.291.','04.291.05.',05,'04.291.05.05.','Bouqachmir','بوقـشـميـر',3),
('04.291.','04.291.05.',07,'04.291.05.07.','Houderrane','الحودران',3),
('04.291.','04.291.05.',09,'04.291.05.09.','Maaziz','معازيز',3),
('04.291.','04.291.05.',11,'04.291.05.11.','Oulmes','ولماس',3),
('04.291.','04.291.05.',13,'04.291.05.13.','Tiddas','تيدّاس',3),
('04.291.','04.291.07.',01,'04.291.07.01.','Ain Sbit','عين سبيت',3),
('04.291.','04.291.07.',05,'04.291.07.05.','Brachoua','براشوة',3),
('04.291.','04.291.07.',07,'04.291.07.07.','Ezzhiliga','الزحيليڭة',3),
('04.291.','04.291.07.',09,'04.291.07.09.','Jemaat Moul Blad','جمعة مول البلاد',3),
('04.291.','04.291.07.',11,'04.291.07.11.','Laghoualem','الغوالم',3),
('04.291.','04.291.07.',13,'04.291.07.13.','Marchouch','مرشوش',3),
('04.291.','04.291.07.',15,'04.291.07.15.','Moulay Driss Aghbal','مولاي إدريس أغبال',3),
('04.291.','04.291.09.',02,'04.291.09.02.','Ain Johra -Sidi Boukhalkhal','عين جهرة-سيدي بوخلخال',3),
('04.291.','04.291.09.',03,'04.291.09.03.','Ait Belkacem','آيت بلقاسم',3),
('04.291.','04.291.09.',05,'04.291.09.05.','Ait Buyahya El Hajjama','ايت بويحيى الحجامة',3),
('04.291.','04.291.09.',07,'04.291.09.07.','Ait Malek','آيت مالك',3),
('04.291.','04.291.09.',09,'04.291.09.09.','Khemis Sidi Yahya','خميس سيدي يحيى',3),
('04.291.','04.291.09.',11,'04.291.09.11.','M''qam Tolba','مقام الطلبة',3),
('04.291.','04.291.09.',13,'04.291.09.13.','Sidi Abderrazak','سيدي عبد الرزاق',3),
('04.291.','04.291.09.',19,'04.291.09.19.','Ait Ali ou Lahcen','آيت علي والحسن',3),
('04.421.',NULL,01,'04.421.01.01.','Agdal Riyad (Arrond.)','أكدال الرياض',0),
('04.421.',NULL,03,'04.421.01.03.','El Youssoufia (Arrond.)','شركة اليوسفية',0),
('04.421.',NULL,05,'04.421.01.05.','Hassan (Arrond.)','حسن ',0),
('04.421.',NULL,06,'04.421.01.06.','Souissi (Arrond.)','السويسي',0),
('04.421.',NULL,07,'04.421.01.07.','Touarga (Mun.)','تواركة',2),
('04.421.',NULL,09,'04.421.01.09.','Yacoub El Mansour (Arrond.)','يعقوب المنصور',0),
('04.441.',NULL,03,'04.441.01.03.','Bab Lamrissa (Arrond.)','باب المريصة',0),
('04.441.',NULL,05,'04.441.01.05.','Bettana (Arrond.)','بتانة',0),
('04.441.',NULL,06,'04.441.01.06.','Hssaine (Arrond.)','حسين',0),
('04.441.',NULL,07,'04.441.01.07.','Layayda (Arrond.)','ليايضة ',0),
('04.441.',NULL,08,'04.441.01.08.','Sidi Bouknadel (Mun.)','سيدي بوقنادل',2),
('04.441.',NULL,09,'04.441.01.09.','Tabriquet (Arrond.)','تابريكت',0),
('04.441.','04.441.03.',01,'04.441.03.01.','Shoul','شول',3),
('04.441.','04.441.03.',05,'04.441.03.05.','Ameur','عامر',3),
('04.481.',NULL,01,'04.481.01.01.','Dar Gueddari (Mun.)','دار الكداري',2),
('04.481.',NULL,03,'04.481.01.03.','Had Kourt (Mun.)','احد كورت ',2),
('04.481.',NULL,05,'04.481.01.05.','Jorf El Melha (Mun.)','جرف الملحة ',2),
('04.481.',NULL,07,'04.481.01.07.','Mechraa Bel Ksiri (Mun.)','مشرع بلقصيري',2),
('04.481.',NULL,11,'04.481.01.11.','Sidi Kacem (Mun.)','سيدي قاسم ',2),
('04.481.','04.481.03.',01,'04.481.03.01.','Ain Dfali','عين الدفالي',3),
('04.481.','04.481.03.',03,'04.481.03.03.','Bni Oual','بني وال',3),
('04.481.','04.481.03.',09,'04.481.03.09.','Moulay Abdelkader','مولاي عبد القادر',3),
('04.481.','04.481.03.',13,'04.481.03.13.','Sidi Ahmed Benaissa','سيدي أحمد بن عيسى',3),
('04.481.','04.481.03.',15,'04.481.03.15.','Sidi Ameur Al Hadi','سيدي عامر الهادي',3),
('04.481.','04.481.03.',17,'04.481.03.17.','Sidi Azzouz','سيدي عزوز',3),
('04.481.','04.481.05.',01,'04.481.05.01.','Al Haouafate','الحوافات',3),
('04.481.','04.481.05.',07,'04.481.05.07.','Nouirate','النويرات',3),
('04.481.','04.481.05.',09,'04.481.05.09.','Sefsaf','الصفصاف',3),
('04.481.','04.481.07.',05,'04.481.07.05.','Khnichet','الخنيشات',3),
('04.481.','04.481.07.',07,'04.481.07.07.','Lamrabih','لمرابيح',3),
('04.481.','04.481.07.',11,'04.481.07.11.','Oulad Nouel','أولاد نويل',3),
('04.481.','04.481.07.',19,'04.481.07.19.','Sidi M''Hamed Chelh','سيدي امحمد الشلح',3),
('04.481.','04.481.07.',21,'04.481.07.21.','Taoughilt','تاوغيلت',3),
('04.481.','04.481.09.',01,'04.481.09.01.','Bab Tiouka','باب تيوكا',3),
('04.481.','04.481.09.',03,'04.481.09.03.','Bir Taleb','بير طالب',3),
('04.481.','04.481.09.',05,'04.481.09.05.','Chbanate','اشبانات',3),
('04.481.','04.481.09.',07,'04.481.09.07.','Selfat','سلفات',3),
('04.481.','04.481.09.',09,'04.481.09.09.','Tekna','تكنة',3),
('04.481.','04.481.09.',11,'04.481.09.11.','Zaggota','زكوطة',3),
('04.481.','04.481.09.',13,'04.481.09.13.','Zirara','زيرارا',3),
('04.481.','04.481.11.',03,'04.481.11.03.','Dar Laaslouji','دار العسلوجي',3),
('04.481.','04.481.11.',05,'04.481.11.05.','Rmilat','الرميلات',3),
('04.481.','04.481.11.',11,'04.481.11.11.','Sidi Al Kamel','سيدي الكامل',3),
('04.491.',NULL,07,'04.491.01.07.','Sidi Slimane (Mun.)','سيدي سليمان',2),
('04.491.',NULL,09,'04.491.01.09.','Sidi Yahya El Gharb (Mun.)','سيدي يحيى الغرب ',2),
('04.491.','04.491.03.',07,'04.491.03.07.','Kceibya','قصيبية',3),
('04.491.','04.491.03.',15,'04.491.03.15.','Sfafaa','الصفافعة',3),
('04.491.','04.491.03.',17,'04.491.03.17.','Ameur Chamalia','عامر الشمالية',3),
('04.491.','04.491.05.',01,'04.491.05.01.','Azghar','أزغار',3),
('04.491.','04.491.05.',03,'04.491.05.03.','Boumaiz','بومعيز',3),
('04.491.','04.491.05.',05,'04.491.05.05.','Dar Bel Amri','دار بلعامري',3),
('04.491.','04.491.05.',09,'04.491.05.09.','M''saada','مساعدة',3),
('04.491.','04.491.05.',11,'04.491.05.11.','Ouled Ben Hammadi','أولاد بن حمادي',3),
('04.491.','04.491.05.',13,'04.491.05.13.','Ouled H''Cine','أولاد حسين',3),
('04.501.',NULL,01,'04.501.01.01.','Ain El Aouda (Mun.)','عين عودة',2),
('04.501.',NULL,03,'04.501.01.03.','Harhoura (Mun.)','هرهورة',2),
('04.501.',NULL,05,'04.501.01.05.','Skhirate (Mun.)','الصخيرات',2),
('04.501.',NULL,07,'04.501.01.07.','Témara (Mun.)','تمارة ',2),
('04.501.',NULL,09,'04.501.01.09.','Ain Attig (Mun.)','عين عتيق',2),
('04.501.','04.501.03.',01,'04.501.03.01.','El Menzeh','المنزه',3),
('04.501.','04.501.03.',03,'04.501.03.03.','Oumazza','ام عزة',3),
('04.501.','04.501.03.',11,'04.501.03.11.','Sidi Yahya Zaer','سيدي يحيى زعير',3),
('04.501.','04.501.05.',03,'04.501.05.03.','Mers El Kheir','السائدة الخير',3),
('04.501.','04.501.05.',05,'04.501.05.05.','Sabbah','صباح',3),
('05.081.',NULL,01,'05.081.01.01.','Azilal (Mun.)','أزيلال',2),
('05.081.',NULL,03,'05.081.01.03.','Demnate (Mun.)','دمنات',2),
('05.081.','05.081.03.',01,'05.081.03.01.','Agoudi N''Lkhair','‫أڭودي نلخير‬',3),
('05.081.','05.081.03.',03,'05.081.03.03.','Ait Abbas','آيت عباس',3),
('05.081.','05.081.03.',05,'05.081.03.05.','Ait Bou Oulli','آيت بو علي',3),
('05.081.','05.081.03.',07,'05.081.03.07.','Ait M''Hamed','آيت امحمد',3),
('05.081.','05.081.03.',09,'05.081.03.09.','Tabant','تبانت',3),
('05.081.','05.081.03.',11,'05.081.03.11.','Tamda Noumercid','تامدة نومرسيد',3),
('05.081.','05.081.03.',13,'05.081.03.13.','Zaouiat Ahansal','زاوية أحنصال',3),
('05.081.','05.081.05.',01,'05.081.05.01.','Ait Taguella','آيت تكلا',3),
('05.081.','05.081.05.',05,'05.081.05.05.','Bni Hassane','بني حسان',3),
('05.081.','05.081.05.',07,'05.081.05.07.','Bzou','بزو',3),
('05.081.','05.081.05.',09,'05.081.05.09.','Foum Jemaa','فم الجمعة',3),
('05.081.','05.081.05.',11,'05.081.05.11.','Moulay Aissa Ben Driss','مولاي إدريس بن عيسى',3),
('05.081.','05.081.05.',13,'05.081.05.13.','Rfala','رفالة',3),
('05.081.','05.081.05.',15,'05.081.05.15.','Tabia','طابية',3),
('05.081.','05.081.05.',17,'05.081.05.17.','Tanant','تنانت',3),
('05.081.','05.081.05.',19,'05.081.05.19.','Taounza','تـاونزا',3),
('05.081.','05.081.05.',21,'05.081.05.21.','Tisqi','تيسكي',3),
('05.081.','05.081.09.',03,'05.081.09.03.','Ait Mazigh','آيت مازيغ',3),
('05.081.','05.081.09.',07,'05.081.09.07.','Ait Ouqabli','آيت اوقبلي',3),
('05.081.','05.081.09.',09,'05.081.09.09.','Anergui','أنركي',3),
('05.081.','05.081.09.',11,'05.081.09.11.','Bin El Ouidane','بين الويدان',3),
('05.081.','05.081.09.',13,'05.081.09.13.','Isseksi','إسكسي',3),
('05.081.','05.081.09.',15,'05.081.09.15.','Ouaouizeght','واويزغت',3),
('05.081.','05.081.09.',17,'05.081.09.17.','Tabaroucht','تبروشت',3),
('05.081.','05.081.09.',19,'05.081.09.19.','Tagleft','تاكلفت',3),
('05.081.','05.081.09.',21,'05.081.09.21.','Tiffert N''Ait Hamza','تيفرت نآيت حمزة',3),
('05.081.','05.081.09.',23,'05.081.09.23.','Tilougguite','تيلوكيت',3),
('05.081.','05.081.11.',01,'05.081.11.01.','Afourar','أفورار',3),
('05.081.','05.081.11.',03,'05.081.11.03.','Bni Ayat','بني آيات',3),
('05.081.','05.081.11.',05,'05.081.11.05.','Ait Ouaarda','آيت واوردا',3),
('05.081.','05.081.11.',25,'05.081.11.25.','Timoulilt','تـيـمـولـيلت',3),
('05.081.','05.081.13.',05,'05.081.13.05.','Ait Oumdis','آيت أومديس',3),
('05.081.','05.081.13.',07,'05.081.13.07.','Ait Tamlil','آيت تامليل',3),
('05.081.','05.081.13.',09,'05.081.13.09.','Anzou','انزو',3),
('05.081.','05.081.13.',17,'05.081.13.17.','Sidi Yacoub','سيدي يعقوب',3),
('05.081.','05.081.13.',19,'05.081.13.19.','Tidili Fetouaka','تيديل فطواكة',3),
('05.081.','05.081.15.',01,'05.081.15.01.','Ait Blal','آيت بلال',3),
('05.081.','05.081.15.',03,'05.081.15.03.','Ait Majden','آيت ماجدن',3),
('05.081.','05.081.15.',11,'05.081.15.11.','Imlil','إمليل',3),
('05.081.','05.081.15.',13,'05.081.15.13.','Ouaoula','واولى',3),
('05.081.','05.081.15.',15,'05.081.15.15.','Sidi Boulkhalf','سيدي بوخالف',3),
('05.081.','05.081.15.',21,'05.081.15.21.','Tifni','تيفني',3),
('05.091.',NULL,01,'05.091.01.01.','Béni Mellal (Mun.)','بني ملال ',2),
('05.091.',NULL,03,'05.091.01.03.','El Ksiba (Mun.)','القصيبة ',2),
('05.091.',NULL,07,'05.091.01.07.','Kasba Tadla (Mun.)','قصبة تادلة',2),
('05.091.',NULL,13,'05.091.01.13.','Zaouiat Cheikh (Mun.)','زاوية الشيخ ',2),
('05.091.','05.091.03.',01,'05.091.03.01.','Foum Oudi','فوم عودي',3),
('05.091.','05.091.03.',03,'05.091.03.03.','Ouled Gnaou','أولاد كناو',3),
('05.091.','05.091.03.',05,'05.091.03.05.','Ouled M''Barek','أولاد امبارك',3),
('05.091.','05.091.03.',07,'05.091.03.07.','Ouled Yaich','أولاد يعيش',3),
('05.091.','05.091.03.',09,'05.091.03.09.','Sidi Jaber','سيدي جابر',3),
('05.091.','05.091.03.',11,'05.091.03.11.','Foum El Anceur','فم العنصر',3),
('05.091.','05.091.05.',01,'05.091.05.01.','Aghbala','أغبالةِ',3),
('05.091.','05.091.05.',05,'05.091.05.05.','Boutferda','بــوتـفـردة',3),
('05.091.','05.091.05.',17,'05.091.05.17.','Tizi N''Isly','تيزي ايسلي',3),
('05.091.','05.091.07.',03,'05.091.07.03.','Ait Oum El Bekht','آيت أم البخث',3),
('05.091.','05.091.07.',07,'05.091.07.07.','Dir El Ksiba','دير القصيبة',3),
('05.091.','05.091.07.',11,'05.091.07.11.','Naour','ناعور',3),
('05.091.','05.091.07.',13,'05.091.07.13.','Taghzirt','تاكزيرت',3),
('05.091.','05.091.07.',15,'05.091.07.15.','Tanougha','تـانــوغــة',3),
('05.091.','05.091.11.',01,'05.091.11.01.','Guettaya','ڭطاية',3),
('05.091.','05.091.11.',03,'05.091.11.03.','Ouled Youssef','أولاد يوسف',3),
('05.091.','05.091.11.',05,'05.091.11.05.','Ouled Said L''Oued','أولاد سعيد الواد',3),
('05.091.','05.091.11.',07,'05.091.11.07.','Semguet','سمكت',3),
('05.255.',NULL,05,'05.255.01.05.','Fquih Ben Salah (Mun.)','الفقيه بنصالح ',2),
('05.255.',NULL,09,'05.255.01.09.','Ouled Ayad (Mun.)','اولاد عياد',2),
('05.255.',NULL,11,'05.255.01.11.','Souk Sebt Ouled Nemma (Mun.)','سوق سبت أولاد النمة ',2),
('05.255.','05.255.05.',05,'05.255.05.05.','Ouled Bourahmoune','أولاد بورحمون',3),
('05.255.','05.255.05.',09,'05.255.05.09.','Ouled Zmam','أولاد زمام',3),
('05.255.','05.255.05.',11,'05.255.05.11.','Sidi Aissa Ben Ali','سيدي عيسى بن علي',3),
('05.255.','05.255.05.',13,'05.255.05.13.','Sidi Hammadi','سيدي حمادي',3),
('05.255.','05.255.09.',01,'05.255.09.01.','Khalfia','الخلفية',3),
('05.255.','05.255.09.',03,'05.255.09.03.','Bni Chegdale','الـخـميس بني شڭـدال',3),
('05.255.','05.255.09.',05,'05.255.09.05.','Bni Oukil','بني وكيل',3),
('05.255.','05.255.09.',07,'05.255.09.07.','Bradia','برادية',3),
('05.255.','05.255.09.',09,'05.255.09.09.','Hel Merbaa','هيل مرباع',3),
('05.255.','05.255.09.',11,'05.255.09.11.','Krifate','الكريفات',3),
('05.255.','05.255.11.',01,'05.255.11.01.','Dar Ould Zidouh','دار ولاد زيدوح',3),
('05.255.','05.255.11.',03,'05.255.11.03.','Had Boumoussa','حد بو موسى',3),
('05.255.','05.255.11.',07,'05.255.11.07.','Ouled Nacer','أولاد ناصر',3),
('05.301.',NULL,01,'05.301.01.01.','Khenifra (Mun.)','خنيفرة',2),
('05.301.',NULL,05,'05.301.01.05.','M''Rirt (Mun.)','مريرت',2),
('05.301.','05.301.03.',01,'05.301.03.01.','Ait Ishaq','آيت إسحاق',3),
('05.301.','05.301.03.',03,'05.301.03.03.','Ait Saadelli','آيت سعدلي',3),
('05.301.','05.301.03.',05,'05.301.03.05.','El Kbab','الكباب',3),
('05.301.','05.301.03.',07,'05.301.03.07.','Kerrouchen','كروشن',3),
('05.301.','05.301.03.',09,'05.301.03.09.','Ouaoumana','واومانة',3),
('05.301.','05.301.03.',11,'05.301.03.11.','Sidi Yahya Ou Saad','سيدي يحيى أو سعد',3),
('05.301.','05.301.03.',13,'05.301.03.13.','Tighassaline','تيغسالين',3),
('05.301.','05.301.05.',01,'05.301.05.01.','Aguelmam Azegza','أكلمام أزكرا',3),
('05.301.','05.301.05.',05,'05.301.05.05.','El Borj','البرج',3),
('05.301.','05.301.05.',11,'05.301.05.11.','Lehri','لهري',3),
('05.301.','05.301.05.',13,'05.301.05.13.','Moha Ou Hammou Zayani','موحا أوحمو الزياني',3),
('05.301.','05.301.05.',21,'05.301.05.21.','Sidi Amar','سيدي عمار',3),
('05.301.','05.301.05.',25,'05.301.05.25.','Sidi Lamine','سيدي لامين',3),
('05.301.','05.301.07.',03,'05.301.07.03.','Aguelmous','أكلموس',3),
('05.301.','05.301.07.',07,'05.301.07.07.','El Hammam','الهمام',3),
('05.301.','05.301.07.',09,'05.301.07.09.','Had Bouhssoussen','أحد بوحسوسن',3),
('05.301.','05.301.07.',15,'05.301.07.15.','Moulay Bouazza','مولاي بوعزة',3),
('05.301.','05.301.07.',17,'05.301.07.17.','Oum Rabia','أم ربيعة',3),
('05.301.','05.301.07.',19,'05.301.07.19.','Sebt Ait Rahou','سبت آيت راحو',3),
('05.301.','05.301.07.',23,'05.301.07.23.','Sidi Hcine','سيدي حسين',3),
('05.311.',NULL,01,'05.311.01.01.','Bejaad (Mun.)','بجعد',2),
('05.311.',NULL,03,'05.311.01.03.','Boujniba (Mun.)','بوجنيبة ',2),
('05.311.',NULL,05,'05.311.01.05.','Hattane (Mun.)','حطان',2),
('05.311.',NULL,07,'05.311.01.07.','Khouribga (Mun.)','خريبكة ',2),
('05.311.',NULL,09,'05.311.01.09.','Oued Zem (Mun.)','وادي زم',2),
('05.311.','05.311.03.',01,'05.311.03.01.','Ain Kaicher','عين قيشر ',3),
('05.311.','05.311.03.',03,'05.311.03.03.','Bni Bataou','بني باتوت',3),
('05.311.','05.311.03.',05,'05.311.03.05.','Bni Zrantel','بني زرانطل',3),
('05.311.','05.311.03.',07,'05.311.03.07.','Boukhrisse','بوخريص',3),
('05.311.','05.311.03.',09,'05.311.03.09.','Chougrane',' شكران',3),
('05.311.','05.311.03.',11,'05.311.03.11.','Oulad Gouaouch','أولاد كواوش',3),
('05.311.','05.311.03.',13,'05.311.03.13.','Rouached','الرواشد',3),
('05.311.','05.311.03.',15,'05.311.03.15.','Tachraft','تاشرافت',3),
('05.311.','05.311.05.',01,'05.311.05.01.','Bir Mezoui','بئر مزوي',3),
('05.311.','05.311.05.',03,'05.311.05.03.','Bni Ykhlef','بني يخلف',3),
('05.311.','05.311.05.',05,'05.311.05.05.','Bulanouare','بولنوار',3),
('05.311.','05.311.05.',07,'05.311.05.07.','Lagfaf','لجفاف',3),
('05.311.','05.311.05.',09,'05.311.05.09.','El Foqra','الفرقة',3),
('05.311.','05.311.05.',11,'05.311.05.11.','M''Fassis','المفاسيس',3),
('05.311.','05.311.05.',13,'05.311.05.13.','Oulad Abdoune','أولاد عبدون',3),
('05.311.','05.311.05.',15,'05.311.05.15.','Oulad Azzouz','أولاد عزوز',3),
('05.311.','05.311.07.',01,'05.311.07.01.','Ait Ammar','آيت عمار',3),
('05.311.','05.311.07.',03,'05.311.07.03.','Bni Smir','بني سمير',3),
('05.311.','05.311.07.',05,'05.311.07.05.','Braksa','البراكسة',3),
('05.311.','05.311.07.',07,'05.311.07.07.','Kasbat Troch','قصبة الطرش',3),
('05.311.','05.311.07.',09,'05.311.07.09.','Lagnadiz',' الكناديز',3),
('05.311.','05.311.07.',11,'05.311.07.11.','Maadna','لمعادنة',3),
('05.311.','05.311.07.',13,'05.311.07.13.','Oulad Aissa','أولاد عيسى',3),
('05.311.','05.311.07.',15,'05.311.07.15.','Oulad Boughadi','أولاد بوغادي',3),
('05.311.','05.311.07.',17,'05.311.07.17.','Oulad Fennane','أولاد فنان',3),
('05.311.','05.311.07.',19,'05.311.07.19.','Oulad Ftata','أولاد فتاتا',3),
('06.111.',NULL,01,'06.111.01.01.','Benslimane (Mun.)','بنسليمان',2),
('06.111.',NULL,03,'06.111.01.03.','Bouznika (Mun.)','بوزنيقة ',2),
('06.111.',NULL,05,'06.111.01.05.','El Mansouria (Mun.)','المنصورية',2),
('06.111.','06.111.03.',01,'06.111.03.01.','Ahlaf','احلاف',3),
('06.111.','06.111.03.',03,'06.111.03.03.','Ain Tizgha','عين تزغة',3),
('06.111.','06.111.03.',05,'06.111.03.05.','Fdalate','فضالات',3),
('06.111.','06.111.03.',07,'06.111.03.07.','Mellila','مليلية',3),
('06.111.','06.111.03.',11,'06.111.03.11.','Moualine El Oued','موالين الواد',3),
('06.111.','06.111.03.',13,'06.111.03.13.','Oulad Ali Toualaa','أولاد علي الطوالعة',3),
('06.111.','06.111.03.',15,'06.111.03.15.','Oulad Yahya Louta','ولاد يحيى لوطا',3),
('06.111.','06.111.03.',17,'06.111.03.17.','Rdadna Oulad Malek','ردادنة أولاد مالك',3),
('06.111.','06.111.03.',19,'06.111.03.19.','Ziaida','زيايدة',3),
('06.111.','06.111.05.',01,'06.111.05.01.','Bir Ennasr','بير الناصر',3),
('06.111.','06.111.05.',04,'06.111.05.04.','Sidi Bettache','سيدي بطاش',3),
('06.111.','06.111.05.',05,'06.111.05.05.','Charrate','الشراط',3),
('06.117.',NULL,03,'06.117.01.03.','Berrechid (Mun.)','برشيد ',2),
('06.117.',NULL,05,'06.117.01.05.','Deroua (Mun.)','الدروة',2),
('06.117.',NULL,07,'06.117.01.07.','El Gara (Mun.)','الجارا ',2),
('06.117.',NULL,09,'06.117.01.09.','Had Soualem (Mun.)','حد سوالم',2),
('06.117.',NULL,11,'06.117.01.11.','Oulad Abbou (Mun.)','أولاد عبو',2),
('06.117.',NULL,13,'06.117.01.13.','Sidi Rahal Chatai (Mun.)','سيدي رحال ',2),
('06.117.','06.117.05.',01,'06.117.05.01.','Ben Maachou','بن معاشو',3),
('06.117.','06.117.05.',11,'06.117.05.11.','Laghnimyine','لغنيميين',3),
('06.117.','06.117.05.',13,'06.117.05.13.','Lahsasna','لحساسنة',3),
('06.117.','06.117.05.',25,'06.117.05.25.','Sahel Oulad H''Riz','الساحل أولاد حريز',3),
('06.117.','06.117.05.',27,'06.117.05.27.','Sidi Abdelkhaleq','سيدي عبد الخالق',3),
('06.117.','06.117.05.',29,'06.117.05.29.','Sidi El Mekki','سيدي المكي',3),
('06.117.','06.117.05.',33,'06.117.05.33.','Soualem Trifiya','سوالم الطريفية',3),
('06.117.','06.117.05.',35,'06.117.05.35.','Zaouiat Sidi Ben Hamdoun','زاوية سيدي بن حمدون',3),
('06.117.','06.117.08.',05,'06.117.08.05.','Foqra Oulad Aameur','فرقة اولاد عمور',3),
('06.117.','06.117.08.',07,'06.117.08.07.','Jaqma','جاقمة',3),
('06.117.','06.117.08.',09,'06.117.08.09.','Kasbat Ben Mchich','قصبة بن مشيش',3),
('06.117.','06.117.08.',17,'06.117.08.17.','Lambarkiyine','لمباركيين',3),
('06.117.','06.117.08.',19,'06.117.08.19.','Ouled Cebbah','أولاد سباح',3),
('06.117.','06.117.08.',20,'06.117.08.20.','Oulad Ziyane','أولاد زيان',3),
('06.117.','06.117.08.',21,'06.117.08.21.','Ouled Zidane','اولاد زيدان',3),
('06.117.','06.117.08.',23,'06.117.08.23.','Riah','رياح',3),
('06.141.',NULL,01,'06.141.01.01.','Anfa (Arrond.)','أنفا',0),
('06.141.',NULL,03,'06.141.01.03.','El Maarif (Arrond.)','شركة معارف',0),
('06.141.',NULL,07,'06.141.01.07.','Sidi Belyout (Arrond.)','سيدي بليوط',0),
('06.141.',NULL,11,'06.141.01.11.','Al-Fida (Arrond.)','الفداء ',0),
('06.141.',NULL,13,'06.141.01.13.','Mers-Sultan (Arrond.)','السائدة السلطان',0),
('06.141.',NULL,21,'06.141.01.21.','Aîn-Sebaâ (Arrond.)','عين السبع',0),
('06.141.',NULL,23,'06.141.01.23.','Assoukhour Assawda (Arrond.)','الصخور السوداء',0),
('06.141.',NULL,25,'06.141.01.25.','Hay Mohammadi (Arrond.)','الحي المحمدي',0),
('06.141.',NULL,31,'06.141.01.31.','Hay-Hassani (Arrond.)','الحي الحسني',0),
('06.141.',NULL,41,'06.141.01.41.','Aîn-Chock (Arrond.)','عين الشق ',0),
('06.141.',NULL,51,'06.141.01.51.','Sidi Bernoussi (Arrond.)','سيدي البرنوصي ',0),
('06.141.',NULL,53,'06.141.01.53.','Sidi Moumen (Arrond.)','سيدي مومن',0),
('06.141.',NULL,61,'06.141.01.61.','Ben M''Sick (Arrond.)','بن مسيك',0),
('06.141.',NULL,63,'06.141.01.63.','Sbata (Arrond.)','سباتة',0),
('06.141.',NULL,71,'06.141.01.71.','Moulay Rachid (Arrond.)','مولاي رشيد',0),
('06.141.',NULL,73,'06.141.01.73.','Sidi Othmane (Arrond.)','سيدي عثمان',0),
('06.141.',NULL,81,'06.141.01.81.','Mechouar de Casablanca (Mun.)','المشوار الدار البيضاء',2),
('06.181.',NULL,01,'06.181.01.01.','Azemmour (Mun.)','أزمور',2),
('06.181.',NULL,03,'06.181.01.03.','El Jadida (Mun.)','الجديدة',2),
('06.181.',NULL,05,'06.181.01.05.','Lbir Jdid (Mun.)','البير الجديد',2),
('06.181.','06.181.03.',01,'06.181.03.01.','Chtouka','شتوكة',3),
('06.181.','06.181.03.',05,'06.181.03.05.','Laghdira','لغديرة',3),
('06.181.','06.181.03.',07,'06.181.03.07.','Lamharza Essahel','لمهارزة الساحل',3),
('06.181.','06.181.03.',11,'06.181.03.11.','Sidi Ali Ben Hamdouche','سيدي علي بن حمدوش',3),
('06.181.','06.181.05.',01,'06.181.05.01.','My Abdellah','مولاي عبد الله',3),
('06.181.','06.181.05.',03,'06.181.05.03.','Oulad Aissa','أولاد عيسى',3),
('06.181.','06.181.05.',05,'06.181.05.05.','Ouled Ghanem','أولاد غانم',3),
('06.181.','06.181.05.',07,'06.181.05.07.','Ouled Hcine','أولاد حسين',3),
('06.181.','06.181.05.',09,'06.181.05.09.','Sidi Abed','سيدي عابد',3),
('06.181.','06.181.05.',11,'06.181.05.11.','Sidi M''Hamed Akhdim','سيدي امحمد اخديم',3),
('06.181.','06.181.07.',03,'06.181.07.03.','Haouzia','الحوزية',3),
('06.181.','06.181.07.',09,'06.181.07.09.','Oulad Rahmoune','أولاد رحمون',3),
('06.181.','06.181.09.',01,'06.181.09.01.','Boulaouane','بولعوان',3),
('06.181.','06.181.09.',03,'06.181.09.03.','Chaibate','الشعيبات',3),
('06.181.','06.181.09.',05,'06.181.09.05.','Mettouh',' متوح',3),
('06.181.','06.181.09.',07,'06.181.09.07.','Mogress','مڭرس',3),
('06.181.','06.181.09.',09,'06.181.09.09.','Oulad Hamdane','أولاد حمدان',3),
('06.181.','06.181.09.',11,'06.181.09.11.','Oulad Sidi Ali Ben Youssef','أولاد سيدي علي بن يوسف',3),
('06.181.','06.181.09.',13,'06.181.09.13.','Ouled Frej','أولاد فرج',3),
('06.181.','06.181.09.',15,'06.181.09.15.','Sebt Saiss','سبت سايس',3),
('06.181.','06.181.09.',17,'06.181.09.17.','Si Hsaien Ben Abderrahmane','إذا حسين بن عبد الرحمن',3),
('06.181.','06.181.09.',19,'06.181.09.19.','Sidi Smail','سيدي إسماعيل',3),
('06.181.','06.181.09.',21,'06.181.09.21.','Zaouiat Saiss','زاوية سايس',3),
('06.181.','06.181.09.',23,'06.181.09.23.','Zaouiat Lakouacem','زاوية القواسم',3),
('06.355.',NULL,01,'06.355.01.01.','Lahraouyine (Mun.)','الهراويين',2),
('06.355.',NULL,03,'06.355.01.03.','Mediouna (Mun.)','مديونة',2),
('06.355.',NULL,05,'06.355.01.05.','Tit Mellil (Mun.)','تيط مليل',2),
('06.355.','06.355.03.',01,'06.355.03.01.','Al Majjatia Oulad Taleb',' المجاطية أولاد طالب',3),
('06.355.','06.355.03.',05,'06.355.03.05.','Sidi Hajjaj Oued Hassar','سيدي حجاج واد حصار',3),
('06.371.',NULL,01,'06.371.01.01.','Mohammadia (Mun.)','المحمدية',2),
('06.371.',NULL,03,'06.371.01.03.','Ain Harrouda (Mun.)','عين حرودة',2),
('06.371.','06.371.03.',01,'06.371.03.01.','Bni Yakhlef','بني يخلف',3),
('06.371.','06.371.03.',03,'06.371.03.03.','Ech-challalate','الشروق-شلالات',3),
('06.371.','06.371.03.',05,'06.371.03.05.','Sidi Moussa Ben Ali','سيدي موسى بن علي',3),
('06.371.','06.371.03.',07,'06.371.03.07.','Sidi Moussa Majdoub','سيدي موسى المجدوب',3),
('06.385.',NULL,01,'06.385.01.01.','Bouskoura (Mun.)','بوسكورة ',2),
('06.385.',NULL,02,'06.385.01.02.','Dar Bouazza (Mun.)','دار بوعزة',2),
('06.385.',NULL,03,'06.385.01.03.','Nouaceur (Mun.)','النواصر',2),
('06.385.','06.385.03.',03,'06.385.03.03.','Oulad Azzouz','أولاد عزوز',3),
('06.385.','06.385.03.',05,'06.385.03.05.','Oulad Salah','أولاد صلاح',3),
('06.461.',NULL,01,'06.461.01.01.','Ben Ahmed (Mun.)','بن أحمد ',2),
('06.461.',NULL,05,'06.461.01.05.','El Borouj (Mun.)','البروج ',2),
('06.461.',NULL,09,'06.461.01.09.','Loulad (Mun.)','لولاد',2),
('06.461.',NULL,13,'06.461.01.13.','Oulad M''Rah (Mun.)','أولاد امراح ',2),
('06.461.',NULL,15,'06.461.01.15.','Settat (Mun.)','سطات ',2),
('06.461.','06.461.03.',02,'06.461.03.02.','Ain Dorbane-Lahlaf','عين الضربان الاحلاف',3),
('06.461.','06.461.03.',03,'06.461.03.03.','Bouguargouh','بوكركوح',3),
('06.461.','06.461.03.',07,'06.461.03.07.','Lakhzazra','الخزازرة',3),
('06.461.','06.461.03.',09,'06.461.03.09.','Mniaa','منيعة',3),
('06.461.','06.461.03.',11,'06.461.03.11.','Mrizigue','مريزيك',3),
('06.461.','06.461.03.',13,'06.461.03.13.','M''Garto','امڭارطو',3),
('06.461.','06.461.03.',15,'06.461.03.15.','N''Khila','النخيلة',3),
('06.461.','06.461.03.',17,'06.461.03.17.','Oued Naanaa','واد النعناع',3),
('06.461.','06.461.03.',19,'06.461.03.19.','Oulad Chbana','أولاد شبانة',3),
('06.461.','06.461.03.',21,'06.461.03.21.','Oulad Fares','أولاد فارس',3),
('06.461.','06.461.03.',23,'06.461.03.23.','Oulad M''Hamed','أولاد امحمد',3),
('06.461.','06.461.03.',25,'06.461.03.25.','Ras El Ain Chaouia','رأس العين الشاوية',3),
('06.461.','06.461.03.',27,'06.461.03.27.','Sgamna','السكامنة',3),
('06.461.','06.461.03.',29,'06.461.03.29.','Sidi Abdelkrim','سيدي عبد الكريم',3),
('06.461.','06.461.03.',31,'06.461.03.31.','Sidi Dahbi','سيدي الذهبي',3),
('06.461.','06.461.03.',33,'06.461.03.33.','Sidi Hajjaj','سيدي حجاج',3),
('06.461.','06.461.07.',01,'06.461.07.01.','Ain Blal','عين بلال',3),
('06.461.','06.461.07.',03,'06.461.07.03.','Bni Khloug','بني خلوق',3),
('06.461.','06.461.07.',05,'06.461.07.05.','Dar Chaffai','دار الشافعي',3),
('06.461.','06.461.07.',07,'06.461.07.07.','Laqraqra','لقراقرة',3),
('06.461.','06.461.07.',09,'06.461.07.09.','Meskoura','مسكورة',3),
('06.461.','06.461.07.',11,'06.461.07.11.','Oulad Amer','أولاد عامر',3),
('06.461.','06.461.07.',13,'06.461.07.13.','Oulad Bouali Nouaja','أولاد بوعلي النواجة',3),
('06.461.','06.461.07.',15,'06.461.07.15.','Oulad Fares El Halla',' أولاد فارس الهالا',3),
('06.461.','06.461.07.',17,'06.461.07.17.','Oulad Freiha','أولاد فريحة',3),
('06.461.','06.461.07.',19,'06.461.07.19.','Sidi Ahmed El Khadir','سيدي أحمد الخضر',3),
('06.461.','06.461.07.',21,'06.461.07.21.','Sidi Boumehdi','سيدي بومهدي',3),
('06.461.','06.461.09.',03,'06.461.09.03.','Bni Yagrine','بني ياكرين',3),
('06.461.','06.461.09.',05,'06.461.09.05.','Gdana','كدانة',3),
('06.461.','06.461.09.',07,'06.461.09.07.','Guisser',' كيسر',3),
('06.461.','06.461.09.',09,'06.461.09.09.','Khemisset Chaouia','الخميسات الشاوية',3),
('06.461.','06.461.09.',11,'06.461.09.11.','Lahouaza','لحوازة',3),
('06.461.','06.461.09.',13,'06.461.09.13.','Machraa Ben Abbou','مشرغ بن عبو',3),
('06.461.','06.461.09.',14,'06.461.09.14.','Mzamza Janoubia','مزازة الجنوبية',3),
('06.461.','06.461.09.',15,'06.461.09.15.','Mzoura','مزورة',3),
('06.461.','06.461.09.',19,'06.461.09.19.','Oulad Said','أولاد سعيد',3),
('06.461.','06.461.09.',21,'06.461.09.21.','Oulad Sghir','أولاد صغير',3),
('06.461.','06.461.09.',23,'06.461.09.23.','Rima','ريما',3),
('06.461.','06.461.09.',25,'06.461.09.25.','Sidi El Aidi','سيدي العايدي',3),
('06.461.','06.461.09.',27,'06.461.09.27.','Sidi Mohammed Ben Rahal','سيدي محمد بن رحال',3),
('06.461.','06.461.09.',31,'06.461.09.31.','Toualet','الثوالث',3),
('06.467.',NULL,07,'06.467.01.07.','Sidi Bennour (Mun.)','سيدي بنور',2),
('06.467.',NULL,09,'06.467.01.09.','Zemamra (Mun.)','الزمامرة',2),
('06.467.','06.467.07.',01,'06.467.07.01.','Bni Hilal','بني هلال',3),
('06.467.','06.467.07.',03,'06.467.07.03.','Bni Tsiriss','بني تسيريس',3),
('06.467.','06.467.07.',05,'06.467.07.05.','Bouhmame','بوحمام',3),
('06.467.','06.467.07.',07,'06.467.07.07.','Jabria','الجابرية',3),
('06.467.','06.467.07.',09,'06.467.07.09.','Khmis Ksiba','خميس القصيبة',3),
('06.467.','06.467.07.',11,'06.467.07.11.','Koudiat Bni Dghough','كدية بني دغوغ',3),
('06.467.','06.467.07.',13,'06.467.07.13.','Kridid','كريديد',3),
('06.467.','06.467.07.',15,'06.467.07.15.','Laagagcha','لعڭاڭشة',3),
('06.467.','06.467.07.',17,'06.467.07.17.','Laamria','لعمرية',3),
('06.467.','06.467.07.',19,'06.467.07.19.','Laaounate','لعونات',3),
('06.467.','06.467.07.',21,'06.467.07.21.','Laatatra','لعطاطرة',3),
('06.467.','06.467.07.',23,'06.467.07.23.','Lmechrek','المشرك',3),
('06.467.','06.467.07.',25,'06.467.07.25.','Metrane','مطران',3),
('06.467.','06.467.07.',27,'06.467.07.27.','M''Tal','امطل',3),
('06.467.','06.467.07.',29,'06.467.07.29.','Oulad Amrane','أولاد عمران',3),
('06.467.','06.467.07.',31,'06.467.07.31.','Oulad Boussaken','أولاد بوساكن',3),
('06.467.','06.467.07.',33,'06.467.07.33.','Oulad Si Bouhya','أولاد سي بوحيى',3),
('06.467.','06.467.07.',35,'06.467.07.35.','Tamda','تامدی',3),
('06.467.','06.467.11.',01,'06.467.11.01.','Laghnadra','الغنادرة',3),
('06.467.','06.467.11.',03,'06.467.11.03.','Lgharbia','الغربية',3),
('06.467.','06.467.11.',05,'06.467.11.05.','Loualidia','الوالدية',3),
('06.467.','06.467.11.',07,'06.467.11.07.','Oulad Sbaita','أولاد سبيطة',3),
('06.467.','06.467.11.',09,'06.467.11.09.','Saniat Berguig','سانية بركيك',3),
('07.041.',NULL,01,'07.041.01.01.','Ait Ourir (Mun.)','آيت أورير',2),
('07.041.',NULL,03,'07.041.01.03.','Amizmiz (Mun.)','أمزميز',2),
('07.041.',NULL,09,'07.041.01.09.','Tahannaout (Mun.)','تحناوت ',2),
('07.041.','07.041.03.',05,'07.041.03.05.','Ait Faska','آيت فسكة',3),
('07.041.','07.041.03.',09,'07.041.03.09.','Ait Sidi Daoud','آيت سيدي داود',3),
('07.041.','07.041.03.',11,'07.041.03.11.','Ghmate','أغمات',3),
('07.041.','07.041.03.',13,'07.041.03.13.','Iguerferouane','إكرفروان',3),
('07.041.','07.041.03.',15,'07.041.03.15.','Sidi Abdallah Ghiat','سيدي عبد الله غيات',3),
('07.041.','07.041.03.',19,'07.041.03.19.','Tamazouzte','تمزوزت',3),
('07.041.','07.041.03.',23,'07.041.03.23.','Tidili Mesfioua',' تيدلي مسفيوة',3),
('07.041.','07.041.05.',01,'07.041.05.01.','Amghras','أمغراس',3),
('07.041.','07.041.05.',05,'07.041.05.05.','Anougal','أنوكال',3),
('07.041.','07.041.05.',07,'07.041.05.07.','Azgour','أزكور',3),
('07.041.','07.041.05.',09,'07.041.05.09.','Dar Jamaa','دار الجماعة',3),
('07.041.','07.041.05.',11,'07.041.05.11.','Lalla Takarkoust','الا تاكركوست',3),
('07.041.','07.041.05.',13,'07.041.05.13.','Ouazguita','وزكيطة',3),
('07.041.','07.041.05.',15,'07.041.05.15.','Oulad Mtaa','أولاد امطاع',3),
('07.041.','07.041.05.',17,'07.041.05.17.','Sidi Badhaj','سيدي بدهاج',3),
('07.041.','07.041.05.',19,'07.041.05.19.','Tizguine','تزڭين',3),
('07.041.','07.041.07.',01,'07.041.07.01.','Aghbar','الأغبر',3),
('07.041.','07.041.07.',03,'07.041.07.03.','Asni','أسني',3),
('07.041.','07.041.07.',05,'07.041.07.05.','Ighil','إيغيل',3),
('07.041.','07.041.07.',07,'07.041.07.07.','Ijoukak','إجوكاك',3),
('07.041.','07.041.07.',09,'07.041.07.09.','Imgdal','إمكدال',3),
('07.041.','07.041.07.',11,'07.041.07.11.','Ouirgane','يرغان',3),
('07.041.','07.041.07.',13,'07.041.07.13.','Talat N''Yaaqoub','تلات نيعقوب',3),
('07.041.','07.041.09.',01,'07.041.09.01.','Moulay Brahim','مولاي إبراهيم',3),
('07.041.','07.041.09.',03,'07.041.09.03.','Oukaimden','أوكايمدن',3),
('07.041.','07.041.09.',05,'07.041.09.05.','Ourika','أوريكا',3),
('07.041.','07.041.09.',07,'07.041.09.07.','Sti Fadma','سيتي فاطمة',3),
('07.041.','07.041.09.',11,'07.041.09.11.','Tameslohte','تامصلوحت',3),
('07.041.','07.041.09.',13,'07.041.09.13.','Aghouatim','اغواتيم',3),
('07.041.','07.041.11.',01,'07.041.11.01.','Abadou','آبادو',3),
('07.041.','07.041.11.',03,'07.041.11.03.','Ait Aadel','آيت عادل',3),
('07.041.','07.041.11.',07,'07.041.11.07.','Ait Hkim-Ait Yzid','آيت احكيم آيت يزيد',3),
('07.041.','07.041.11.',17,'07.041.11.17.','Tamaguert','تاماغرت',3),
('07.041.','07.041.11.',21,'07.041.11.21.','Tazart','تزارت',3),
('07.041.','07.041.11.',25,'07.041.11.25.','Tighedouine','تغدوين',3),
('07.041.','07.041.11.',27,'07.041.11.27.','Touama','التوامة',3),
('07.041.','07.041.11.',29,'07.041.11.29.','Zerkten',' زرقطن',3),
('07.161.',NULL,01,'07.161.01.01.','Chichaoua (Mun.)','شيشاوا',2),
('07.161.',NULL,03,'07.161.01.03.','Imintanoute (Mun.)','إيمنتانوت',2),
('07.161.','07.161.03.',01,'07.161.03.01.','Ahdil','أهديل',3),
('07.161.','07.161.03.',03,'07.161.03.03.','Ait Hadi','آيت الهادي',3),
('07.161.','07.161.03.',05,'07.161.03.05.','Lamzoudia','لمزوضية',3),
('07.161.','07.161.03.',07,'07.161.03.07.','Oulad Moumna','أولاد مومنة',3),
('07.161.','07.161.03.',09,'07.161.03.09.','Saidate','السعيدات',3),
('07.161.','07.161.03.',11,'07.161.03.11.','Sid L''Mokhtar','سيد المختار',3),
('07.161.','07.161.03.',13,'07.161.03.13.','Sidi Bouzid Arragragui','سيدي بوزيد الركراكي',3),
('07.161.','07.161.03.',15,'07.161.03.15.','Sidi M''Hamed Dalil','سيدي امحمد دليل',3),
('07.161.','07.161.05.',01,'07.161.05.01.','Afalla Issen','أفلا يسن',3),
('07.161.','07.161.05.',03,'07.161.05.03.','Ain Tazitounte','عين تزيتونت ',3),
('07.161.','07.161.05.',05,'07.161.05.05.','Ait Haddou Youssef','آيت حدو يوسف',3),
('07.161.','07.161.05.',07,'07.161.05.07.','Irohalen','إرحالن',3),
('07.161.','07.161.05.',09,'07.161.05.09.','Lalla Aaziza','للا عزيزة',3),
('07.161.','07.161.05.',11,'07.161.05.11.','Nfifa','نفيفة',3),
('07.161.','07.161.05.',13,'07.161.05.13.','Ouad L''bour','ولاد البور',3),
('07.161.','07.161.05.',15,'07.161.05.15.','Sidi Ghanem','سيدي غانم',3),
('07.161.','07.161.05.',17,'07.161.05.17.','Timezgadiouine','تمزكدوين',3),
('07.161.','07.161.07.',01,'07.161.07.01.','Adassil','أداسيل',3),
('07.161.','07.161.07.',03,'07.161.07.03.','Assif El Mal','أسيف المال',3),
('07.161.','07.161.07.',05,'07.161.07.05.','Douirane','أدويران',3),
('07.161.','07.161.07.',07,'07.161.07.07.','Gmassa','كماسة',3),
('07.161.','07.161.07.',09,'07.161.07.09.','Imindounit','إيمندونيت',3),
('07.161.','07.161.07.',11,'07.161.07.11.','Majjat','مجاط',3),
('07.161.','07.161.07.',13,'07.161.07.13.','M''Zouda','أمزوضة',3),
('07.161.','07.161.07.',15,'07.161.07.15.','Zaouia Annahlia','زاوية النحلية',3),
('07.161.','07.161.09.',01,'07.161.09.01.','Bouabout','بوعبوط',3),
('07.161.','07.161.09.',03,'07.161.09.03.','Bouabout Amdlane','بوعبوط امدلان',3),
('07.161.','07.161.09.',05,'07.161.09.05.','Ichamraren','إشمرارن',3),
('07.161.','07.161.09.',07,'07.161.09.07.','Kouzemt','كوزمت',3),
('07.161.','07.161.09.',09,'07.161.09.09.','Rahhala','رحالة',3),
('07.161.','07.161.09.',11,'07.161.09.11.','Sidi Abdelmoumen','سيدي عبد المومن',3),
('07.161.','07.161.09.',13,'07.161.09.13.','Taouloukoult','تاولوكلت',3),
('07.161.','07.161.09.',15,'07.161.09.15.','Timlilt','تيمليلت',3),
('07.191.',NULL,03,'07.191.01.03.','El Kelaâ des Sraghna (Mun.)','قلعة السراغنة',2),
('07.191.',NULL,05,'07.191.01.05.','Laattaouia (Mun.)','العطاوية ',2),
('07.191.',NULL,07,'07.191.01.07.','Sidi Rahhal (Mun.)','سيدي رحال',2),
('07.191.',NULL,09,'07.191.01.09.','Tamallalt (Mun.)','تملالت',2),
('07.191.','07.191.03.',01,'07.191.03.01.','Chtaiba','الشطيبة',3),
('07.191.','07.191.03.',03,'07.191.03.03.','Eddachra','الدشرة',3),
('07.191.','07.191.03.',05,'07.191.03.05.','El Aamria','العامرية',3),
('07.191.','07.191.03.',07,'07.191.03.07.','El Marbouh','المربوح',3),
('07.191.','07.191.03.',09,'07.191.03.09.','Errafiaya','الرافعي ',3),
('07.191.','07.191.03.',11,'07.191.03.11.','Hiadna','الهيادنة',3),
('07.191.','07.191.03.',13,'07.191.03.13.','Lounasda','الوناسدة',3),
('07.191.','07.191.03.',15,'07.191.03.15.','Mayate','مـايــات',3),
('07.191.','07.191.03.',17,'07.191.03.17.','Oulad Aamer','أولاد عامر',3),
('07.191.','07.191.03.',19,'07.191.03.19.','Oulad Bouali Loued','أولاد بو علي الواد',3),
('07.191.','07.191.03.',21,'07.191.03.21.','Oulad Cherki','أولاد شرقي',3),
('07.191.','07.191.03.',23,'07.191.03.23.','Oulad El Garne','أولاد الكرن',3),
('07.191.','07.191.03.',25,'07.191.03.25.','Oulad Massaoud','أولاد مسعود',3),
('07.191.','07.191.03.',27,'07.191.03.27.','Oulad Msabbel','أولاد المسبل',3),
('07.191.','07.191.03.',29,'07.191.03.29.','Oulad Sbih','أولاد اصبيح',3),
('07.191.','07.191.03.',31,'07.191.03.31.','Oulad Yaacoub','أولاد يعقوب',3),
('07.191.','07.191.03.',33,'07.191.03.33.','Oulad Zarrad','أولاد زراد',3),
('07.191.','07.191.03.',35,'07.191.03.35.','Sidi El Hattab','سيدي حطاب',3),
('07.191.','07.191.03.',37,'07.191.03.37.','Sidi Moussa','سيدي موسى',3),
('07.191.','07.191.03.',39,'07.191.03.39.','Taouzint','تاوزينت',3),
('07.191.','07.191.03.',41,'07.191.03.41.','Znada','زنادة',3),
('07.191.','07.191.05.',01,'07.191.05.01.','Assahrij','السهريج',3),
('07.191.','07.191.05.',03,'07.191.05.03.','Bouya Omar','بويا عمر',3),
('07.191.','07.191.05.',05,'07.191.05.05.','Choara','الشعراء',3),
('07.191.','07.191.05.',07,'07.191.05.07.','Dzouz','دزوز',3),
('07.191.','07.191.05.',09,'07.191.05.09.','Fraita','الفرايطة',3),
('07.191.','07.191.05.',15,'07.191.05.15.','Laatamna','لعثامنة',3),
('07.191.','07.191.05.',16,'07.191.05.16.','Laattaouia Ech-chaibia','العطاوية الشعبية',3),
('07.191.','07.191.05.',17,'07.191.05.17.','Louad Lakhdar',' الواد الأخضر',3),
('07.191.','07.191.05.',19,'07.191.05.19.','M''Zem Sanhaja','مزم صنهاجة',3),
('07.191.','07.191.05.',21,'07.191.05.21.','Ouargui','وارقي',3),
('07.191.','07.191.05.',23,'07.191.05.23.','Oulad Aarrad','أولاد عراض',3),
('07.191.','07.191.05.',25,'07.191.05.25.','Oulad Khallouf','أولاد خلوف',3),
('07.191.','07.191.05.',27,'07.191.05.27.','Sidi Aissa Ben Slimane','سيدي عيسى بن سليمان',3),
('07.191.','07.191.05.',29,'07.191.05.29.','Sour El Aaz','صور الأعز',3),
('07.191.','07.191.07.',11,'07.191.07.11.','Jbiel','اجبيل',3),
('07.191.','07.191.07.',13,'07.191.07.13.','Jouala','الجوالة',3),
('07.191.','07.191.07.',31,'07.191.07.31.','Zemrane','زمران',3),
('07.191.','07.191.07.',33,'07.191.07.33.','Zemrane Charqia','زمران الشرقية',3),
('07.211.',NULL,01,'07.211.01.01.','Ait Daoud (Mun.)','آيت داود',2),
('07.211.',NULL,03,'07.211.01.03.','El Hanchane (Mun.)',' الحنشان',2),
('07.211.',NULL,05,'07.211.01.05.','Essaouira (Mun.)','الصويرة ',2),
('07.211.',NULL,07,'07.211.01.07.','Talmest (Mun.)','تالمست ',2),
('07.211.',NULL,09,'07.211.01.09.','Tamanar (Mun.)','تمنار ',2),
('07.211.','07.211.03.',01,'07.211.03.01.','Ait Said','آيت سعيد',3),
('07.211.','07.211.03.',03,'07.211.03.03.','Aquermoud','أقرمود',3),
('07.211.','07.211.03.',05,'07.211.03.05.','Had Dra','حد الدرى',3),
('07.211.','07.211.03.',07,'07.211.03.07.','Kechoula','كشولة',3),
('07.211.','07.211.03.',09,'07.211.03.09.','Korimate','الكريمات',3),
('07.211.','07.211.03.',11,'07.211.03.11.','Lagdadra','الكدادرة',3),
('07.211.','07.211.03.',13,'07.211.03.13.','Lahsinate','لحسينات',3),
('07.211.','07.211.03.',15,'07.211.03.15.','Mejji','مجي',3),
('07.211.','07.211.03.',17,'07.211.03.17.','Meskala','مسكالة',3),
('07.211.','07.211.03.',19,'07.211.03.19.','Mouarid','المواريد',3),
('07.211.','07.211.03.',21,'07.211.03.21.','Moulay Bouzarqtoune','مولاي بوزرقطون',3),
('07.211.','07.211.03.',23,'07.211.03.23.','Mzilate','أمزيلات',3),
('07.211.','07.211.03.',25,'07.211.03.25.','M''Khalif','أمخاليف',3),
('07.211.','07.211.03.',27,'07.211.03.27.','M''Ramer','أمرامر',3),
('07.211.','07.211.03.',29,'07.211.03.29.','Oulad M''Rabet','أولاد مرابط',3),
('07.211.','07.211.03.',31,'07.211.03.31.','Ounagha','أوناغة',3),
('07.211.','07.211.03.',33,'07.211.03.33.','Sidi Abdeljalil','سيدي عبد الجليل',3),
('07.211.','07.211.03.',35,'07.211.03.35.','Sidi Aissa Regragui','سيدي عيسى الركراكي',3),
('07.211.','07.211.03.',37,'07.211.03.37.','Sidi Ali El Korati','سيدي علي الكورتي',3),
('07.211.','07.211.03.',39,'07.211.03.39.','Sidi Boulaalam','سيدي بولعلام',3),
('07.211.','07.211.03.',41,'07.211.03.41.','Sidi Ishaq','سيدي إسحاق',3),
('07.211.','07.211.03.',43,'07.211.03.43.','Sidi Laaroussi','سيدي لعروسي',3),
('07.211.','07.211.03.',45,'07.211.03.45.','Sidi M''Hamed Ou Marzouq','سيدي امحمد أو مرزوق',3),
('07.211.','07.211.03.',47,'07.211.03.47.','Tafetachte','تفتاشت',3),
('07.211.','07.211.03.',49,'07.211.03.49.','Takate','تكاط',3),
('07.211.','07.211.03.',51,'07.211.03.51.','Zaouiat Ben Hmida','زاوية بن حميدة',3),
('07.211.','07.211.05.',01,'07.211.05.01.','Adaghas','أدغاس',3),
('07.211.','07.211.05.',03,'07.211.05.03.','Aglif','أكليف',3),
('07.211.','07.211.05.',05,'07.211.05.05.','Aguerd','أكرض',3),
('07.211.','07.211.05.',07,'07.211.05.07.','Ait Aissi Ihahane','آيت عيسى إحاحن',3),
('07.211.','07.211.05.',09,'07.211.05.09.','Assais','أسايس',3),
('07.211.','07.211.05.',11,'07.211.05.11.','Bizdad','بيزضاض',3),
('07.211.','07.211.05.',13,'07.211.05.13.','Bouzemmour','بوزمور',3),
('07.211.','07.211.05.',15,'07.211.05.15.','Ezzaouite','الزاوية',3),
('07.211.','07.211.05.',17,'07.211.05.17.','Ida Ou Aazza','إذا وعزا',3),
('07.211.','07.211.05.',19,'07.211.05.19.','Ida Ou Guelloul','ادا وكلول',3),
('07.211.','07.211.05.',21,'07.211.05.21.','Ida Ou Kazzou','ادا وكازو',3),
('07.211.','07.211.05.',23,'07.211.05.23.','Imgrade','أمكراد',3),
('07.211.','07.211.05.',25,'07.211.05.25.','Imi N''Tlit','إمِنتليت',3),
('07.211.','07.211.05.',27,'07.211.05.27.','Sidi Ahmed Essayeh','سيدي أحمد السايح',3),
('07.211.','07.211.05.',29,'07.211.05.29.','Sidi El Jazouli','سيدي الجازولي',3),
('07.211.','07.211.05.',31,'07.211.05.31.','Sidi Ghaneme','سيدي غانم',3),
('07.211.','07.211.05.',33,'07.211.05.33.','Sidi H''Mad Ou M''Barek','سيدي أحماد أو امبارك',3),
('07.211.','07.211.05.',35,'07.211.05.35.','Sidi Hmad Ou Hamed','سيدي احمد أو حماد',3),
('07.211.','07.211.05.',37,'07.211.05.37.','Sidi Kaouki','سيدي كاوكي',3),
('07.211.','07.211.05.',39,'07.211.05.39.','Smimou','سميمو',3),
('07.211.','07.211.05.',41,'07.211.05.41.','Tafedna','تافضنا',3),
('07.211.','07.211.05.',43,'07.211.05.43.','Tahelouante','تاهلوانت',3),
('07.211.','07.211.05.',45,'07.211.05.45.','Takoucht','تاكوشت',3),
('07.211.','07.211.05.',47,'07.211.05.47.','Targante','تاركانت',3),
('07.211.','07.211.05.',49,'07.211.05.49.','Tidzi','تدزي',3),
('07.211.','07.211.05.',51,'07.211.05.51.','Timizguida-Ouftas','تمزكدة أوفتاس',3),
('07.351.',NULL,01,'07.351.01.01.','Méchouar-Kasba (Mun.)','المشوار-قصبة ',2),
('07.351.',NULL,03,'07.351.01.03.','Annakhil (Arrond.)','النخيل',0),
('07.351.',NULL,05,'07.351.01.05.','Gueliz (Arrond.)','كراء',0),
('07.351.',NULL,07,'07.351.01.07.','Marrakech-Médina (Arrond.)','مراكش-المدينة ',0),
('07.351.',NULL,09,'07.351.01.09.','Ménara (Arrond.)','المنارة',0),
('07.351.',NULL,11,'07.351.01.11.','Sidi Youssef Ben Ali (Arrond.)','سيدي يوسف بن علي',0),
('07.351.','07.351.02.',01,'07.351.02.01.','Alouidane','الويدان',3),
('07.351.','07.351.02.',07,'07.351.02.07.','Ouahat Sidi Brahim','واحة سيدي براهيم',3),
('07.351.','07.351.02.',09,'07.351.02.09.','Oulad Hassoune','أولاد حسون',3),
('07.351.','07.351.03.',03,'07.351.03.03.','Harbil','حــربــيــل',3),
('07.351.','07.351.03.',05,'07.351.03.05.','M''Nabha','المنابهة',3),
('07.351.','07.351.03.',11,'07.351.03.11.','Ouled Dlim','أولاد دليم',3),
('07.351.','07.351.05.',01,'07.351.05.01.','Agafay','اكافاي',3),
('07.351.','07.351.05.',03,'07.351.05.03.','Ait Imour','آيت امور',3),
('07.351.','07.351.05.',05,'07.351.05.05.','Loudaya','الوداية',3),
('07.351.','07.351.05.',09,'07.351.05.09.','Sid Zouine','سيد زوين',3),
('07.351.','07.351.07.',07,'07.351.07.07.','Saada','صعدة',3),
('07.351.','07.351.07.',11,'07.351.07.11.','Souihla','السويهلة',3),
('07.351.','07.351.07.',13,'07.351.07.13.','Tassoultante','تاسلطانت',3),
('07.427.',NULL,01,'07.427.01.01.','Ben Guerir (Mun.)','بن كرير',2),
('07.427.',NULL,17,'07.427.01.17.','Sidi Bou Othmane (Mun.)','سيدي بوعثمان ',2),
('07.427.','07.427.07.',01,'07.427.07.01.','Ait Hammou','أيت حمو',3),
('07.427.','07.427.07.',03,'07.427.07.03.','Ait Taleb','آيت طالب',3),
('07.427.','07.427.07.',05,'07.427.07.05.','Bouchane','بوشان',3),
('07.427.','07.427.07.',07,'07.427.07.07.','Jaafra','الجعافرة',3),
('07.427.','07.427.07.',09,'07.427.07.09.','Labrikiyne','البريكيين',3),
('07.427.','07.427.07.',11,'07.427.07.11.','Oulad Aamer Tizmarine','أولاد عامر تزمرين',3),
('07.427.','07.427.07.',13,'07.427.07.13.','Oulad Hassoune Hamri','أولاد حسون حمري',3),
('07.427.','07.427.07.',15,'07.427.07.15.','Sidi Abdallah','سيدي عبد الله',3),
('07.427.','07.427.07.',17,'07.427.07.17.','Sidi Ali Labrahla','سيدي علي لبراحلة',3),
('07.427.','07.427.07.',19,'07.427.07.19.','Sidi Ghanem','سيدي غانم',3),
('07.427.','07.427.07.',21,'07.427.07.21.','Sidi Mansour','سيدي منصور',3),
('07.427.','07.427.07.',23,'07.427.07.23.','Skhour Rehamna','صخور الرحامنة',3),
('07.427.','07.427.07.',25,'07.427.07.25.','Skoura Lhadra','سكورة لهضرة',3),
('07.427.','07.427.09.',01,'07.427.09.01.','Akarma','عكرمة',3),
('07.427.','07.427.09.',03,'07.427.09.03.','Bourrous','بوروس',3),
('07.427.','07.427.09.',05,'07.427.09.05.','Jaidate','الجعيدات',3),
('07.427.','07.427.09.',06,'07.427.09.06.','Jbilate','الجبيلات',3),
('07.427.','07.427.09.',07,'07.427.09.07.','Lamharra','المحرة',3),
('07.427.','07.427.09.',09,'07.427.09.09.','Nzalat Laadam','انزالت لعظم',3),
('07.427.','07.427.09.',11,'07.427.09.11.','Oulad Imloul','أولاد املول',3),
('07.427.','07.427.09.',13,'07.427.09.13.','Ras Ain Rhamna','رأس العين رحامنة',3),
('07.427.','07.427.09.',15,'07.427.09.15.','Sidi Boubker','سيدي بوبكر',3),
('07.427.','07.427.09.',19,'07.427.09.19.','Tlauh','الطلوح',3),
('07.431.',NULL,03,'07.431.01.03.','Safi (Mun.)','الصافي',2),
('07.431.',NULL,09,'07.431.01.09.','Jamaat Shaim (Mun.)','جمعة اسحيم',2),
('07.431.',NULL,11,'07.431.01.11.','Sebt Gzoula (Mun.)','سبت كزولة ',2),
('07.431.','07.431.03.',01,'07.431.03.01.','Bouguedra','بوكدرة',3),
('07.431.','07.431.03.',02,'07.431.03.02.','Chahda',' الشهدة',3),
('07.431.','07.431.03.',03,'07.431.03.03.','El Gouraani','الڭرعاني',3),
('07.431.','07.431.03.',05,'07.431.03.05.','Labkhati','لبخاتي ',3),
('07.431.','07.431.03.',07,'07.431.03.07.','Lahdar','لحدار',3),
('07.431.','07.431.03.',09,'07.431.03.09.','Lamrasla','لمراسلة',3),
('07.431.','07.431.03.',11,'07.431.03.11.','Lamsabih','لمصابح',3),
('07.431.','07.431.03.',13,'07.431.03.13.','Sidi Aissa','سيدي عيسى',3),
('07.431.','07.431.03.',15,'07.431.03.15.','Sidi Ettiji','سيدي تيجي',3),
('07.431.','07.431.07.',01,'07.431.07.01.','Atouabet','اتوابت ',3),
('07.431.','07.431.07.',03,'07.431.07.03.','El Ghiate','الغايات',3),
('07.431.','07.431.07.',05,'07.431.07.05.','Khatazakane','خط ازكان‎',3),
('07.431.','07.431.07.',07,'07.431.07.07.','Laamamra','لعمامرة',3),
('07.431.','07.431.07.',09,'07.431.07.09.','Lamaachate','لمعاشات',3),
('07.431.','07.431.07.',11,'07.431.07.11.','Nagga','نكا ',3),
('07.431.','07.431.07.',13,'07.431.07.13.','Ouled Salmane','ولد سلمان',3),
('07.431.','07.431.09.',01,'07.431.09.01.','Ayir','الحاير',3),
('07.431.','07.431.09.',03,'07.431.09.03.','Dar Si Aissa','دار سي عيسى',3),
('07.431.','07.431.09.',05,'07.431.09.05.','El Beddouza','البدوزة',3),
('07.431.','07.431.09.',07,'07.431.09.07.','Hrara','حرارة',3),
('07.431.','07.431.09.',09,'07.431.09.09.','Moul El Bergui','مول البركي‎',3),
('07.431.','07.431.09.',15,'07.431.09.15.','Saadla','السعادلة',3),
('07.585.',NULL,07,'07.585.01.07.','Echemmaia (Mun.)','الشماعية',2),
('07.585.',NULL,13,'07.585.01.13.','Youssoufia (Mun.)','اليوسفية',2),
('07.585.','07.585.05.',07,'07.585.05.07.','Ighoud','إيغود',3),
('07.585.','07.585.05.',09,'07.585.05.09.','Jdour','جذور',3),
('07.585.','07.585.05.',11,'07.585.05.11.','Jnane Bouih','جنان بويه',3),
('07.585.','07.585.05.',17,'07.585.05.17.','Sidi Chiker','سيدي شيكر',3),
('07.585.','07.585.07.',01,'07.585.07.01.','Atiamim','اطياميم',3),
('07.585.','07.585.07.',03,'07.585.07.03.','El Gantour','الكنتور',3),
('07.585.','07.585.07.',05,'07.585.07.05.','Esbiaat','اسبيعات',3),
('07.585.','07.585.07.',13,'07.585.07.13.','Lakhoualqa','لخوالقة',3),
('07.585.','07.585.07.',15,'07.585.07.15.','Ras El Ain','رأس العين',3),
('08.201.',NULL,01,'08.201.01.01.','Arfoud (Mun.)','أرفود ',2),
('08.201.',NULL,03,'08.201.01.03.','Boudnib (Mun.)','بوذنيب ',2),
('08.201.',NULL,05,'08.201.01.05.','Errachidia (Mun.)','الرشيدية ',2),
('08.201.',NULL,09,'08.201.01.09.','Goulmima (Mun.)','كلميمة',2),
('08.201.',NULL,11,'08.201.01.11.','Jorf (Mun.)','الجرف ',2),
('08.201.',NULL,13,'08.201.01.13.','Moulay Ali Cherif (Mun.)','الريصاني ',2),
('08.201.',NULL,15,'08.201.01.15.','Tinejdad (Mun.)','تنجداد ',2),
('08.201.','08.201.03.',01,'08.201.03.01.','Aarab Sebbah Gheris','عرب صباح غريز',3),
('08.201.','08.201.03.',03,'08.201.03.03.','Aarab Sebbah Ziz','عرب صباح زيز',3),
('08.201.','08.201.03.',07,'08.201.03.07.','Es-sifa',' اسيفا',3),
('08.201.','08.201.03.',09,'08.201.03.09.','Fezna','فزنا',3),
('08.201.','08.201.07.',01,'08.201.07.01.','Aoufous','أوفوس',3),
('08.201.','08.201.07.',03,'08.201.07.03.','Chorfa M''Daghra','شرفاء مدغرة',3),
('08.201.','08.201.07.',05,'08.201.07.05.','Er-rteb','الرطب',3),
('08.201.','08.201.07.',07,'08.201.07.07.','Lkheng','الخنك',3),
('08.201.','08.201.07.',09,'08.201.07.09.','Oued Naam','وادي النعام',3),
('08.201.','08.201.11.',01,'08.201.11.01.','Bni M''Hamed-Sijelmassa','بني امحمد- سجسلماسة',3),
('08.201.','08.201.11.',03,'08.201.11.03.','Er-rissani','لريصاني',3),
('08.201.','08.201.11.',05,'08.201.11.05.','Es-sfalat','السفالة',3),
('08.201.','08.201.11.',07,'08.201.11.07.','Et-taous','وطاؤوس',3),
('08.201.','08.201.11.',09,'08.201.11.09.','Sidi Ali','سيدي علي',3),
('08.201.','08.201.13.',01,'08.201.13.01.','Aghbalou N''Kerdous','أغبالو إن كردوس',3),
('08.201.','08.201.13.',02,'08.201.13.02.','Amellagou','أملاكو',3),
('08.201.','08.201.13.',03,'08.201.13.03.','Ferkla El Oulia','فركلة العليا',3),
('08.201.','08.201.13.',05,'08.201.13.05.','Ferkla Es-soufla','فركلة السفلئ',3),
('08.201.','08.201.13.',07,'08.201.13.07.','Gheris El Ouloui','‫اغريس لعلوي',3),
('08.201.','08.201.13.',09,'08.201.13.09.','Gheris Es-soufli','‫اغريس السوفلي',3),
('08.201.','08.201.13.',11,'08.201.13.11.','Melaab','ملعب',3),
('08.201.','08.201.13.',13,'08.201.13.13.','Tadighoust','تاديغوست',3),
('08.363.',NULL,03,'08.363.01.03.','Midelt (Mun.)','ميدلت ',2),
('08.363.',NULL,07,'08.363.01.07.','Er-rich (Mun.)','الريش ',2),
('08.363.','08.363.05.',01,'08.363.05.01.','Aghbalou','أغبالو',3),
('08.363.','08.363.05.',03,'08.363.05.03.','Agoudim','أكـوديـم',3),
('08.363.','08.363.05.',13,'08.363.05.13.','Anemzi','انـمـزي',3),
('08.363.','08.363.05.',15,'08.363.05.15.','Boumia','بومية',3),
('08.363.','08.363.05.',21,'08.363.05.21.','Sidi Yahya Ou Youssef','سيدي يحيى أو يوسف',3),
('08.363.','08.363.05.',23,'08.363.05.23.','Tanourdi','تنوردي',3),
('08.363.','08.363.05.',25,'08.363.05.25.','Tizi N''Ghachou','تيزي نغشو',3),
('08.363.','08.363.05.',27,'08.363.05.27.','Tounfite','تونفيت',3),
('08.363.','08.363.07.',05,'08.363.07.05.','Ait Ayach','آيت عياش',3),
('08.363.','08.363.07.',07,'08.363.07.07.','Ait Ben Yacoub','آيت بن يعقوب',3),
('08.363.','08.363.07.',09,'08.363.07.09.','Ait Izdeg','آيت أزدك',3),
('08.363.','08.363.07.',11,'08.363.07.11.','Amersid','أمرصيد',3),
('08.363.','08.363.07.',17,'08.363.07.17.','Itzer','إيتزر',3),
('08.363.','08.363.07.',19,'08.363.07.19.','Mibladen','ميبلادن',3),
('08.363.','08.363.07.',29,'08.363.07.29.','Zaida','زايدة',3),
('08.363.','08.363.09.',01,'08.363.09.01.','En-nzala','النزالة',3),
('08.363.','08.363.09.',03,'08.363.09.03.','Gourrama','كرامة',3),
('08.363.','08.363.09.',05,'08.363.09.05.','Guers Tiaallaline','غرس تعلالين',3),
('08.363.','08.363.09.',07,'08.363.09.07.','Guir','ﯕير',3),
('08.363.','08.363.09.',09,'08.363.09.09.','M''Zizel','أمزيزل',3),
('08.363.','08.363.09.',11,'08.363.09.11.','Sidi Aayad','سيدي عياد',3),
('08.363.','08.363.09.',13,'08.363.09.13.','Zaouiat Sidi Hamza','زاوية سيدي حمزة',3),
('08.363.','08.363.15.',01,'08.363.15.01.','Ait Yahya','آيت يحيى',3),
('08.363.','08.363.15.',03,'08.363.15.03.','Amouguer','أموݣر',3),
('08.363.','08.363.15.',05,'08.363.15.05.','Bou Azmou','بــوزمــو',3),
('08.363.','08.363.15.',07,'08.363.15.07.','Imilchil','إملشيل',3),
('08.363.','08.363.15.',09,'08.363.15.09.','Outerbat','أوتـربات',3),
('08.401.',NULL,07,'08.401.01.07.','Ouarzazate (Mun.)','ورزازات',2),
('08.401.',NULL,09,'08.401.01.09.','Taznakht (Mun.)','تازناخت',2),
('08.401.','08.401.03.',01,'08.401.03.01.','Ait Zineb','آيت زينب',3),
('08.401.','08.401.03.',03,'08.401.03.03.','Amerzgane','أمرزكان',3),
('08.401.','08.401.03.',05,'08.401.03.05.','Iznaguen','إزناكن',3),
('08.401.','08.401.03.',07,'08.401.03.07.','Ighrem N''Ougdal','إيغرم ن أوكدال',3),
('08.401.','08.401.03.',09,'08.401.03.09.','Khouzama','خزامة',3),
('08.401.','08.401.03.',11,'08.401.03.11.','Ouisselsate','ويسلسات',3),
('08.401.','08.401.03.',13,'08.401.03.13.','Siroua','سروا',3),
('08.401.','08.401.03.',15,'08.401.03.15.','Telouet','تيلويت',3),
('08.401.','08.401.03.',17,'08.401.03.17.','Tidli','تدلي',3),
('08.401.','08.401.07.',01,'08.401.07.01.','Ghassate','غسات',3),
('08.401.','08.401.07.',03,'08.401.07.03.','Idelsane','إدلسان',3),
('08.401.','08.401.07.',05,'08.401.07.05.','Imi N''Oulaoune','إمي نولاون',3),
('08.401.','08.401.07.',07,'08.401.07.07.','Skoura Ahl El Oust','سكورة اهل الوست',3),
('08.401.','08.401.07.',09,'08.401.07.09.','Tarmigt','ترميكت',3),
('08.401.','08.401.07.',11,'08.401.07.11.','Toundoute','توندوت',3),
('08.577.',NULL,03,'08.577.01.03.','Boumalne Dades (Mun.)','بومالن دادس',2),
('08.577.',NULL,05,'08.577.01.05.','Kalaat M''Gouna (Mun.)','قلعة مكونة ',2),
('08.577.',NULL,11,'08.577.01.11.','Tinghir (Mun.)','تنغير',2),
('08.577.','08.577.02.',05,'08.577.02.05.','Alnif','النيف',3),
('08.577.','08.577.02.',11,'08.577.02.11.','H''Ssyia','حصيا',3),
('08.577.','08.577.02.',21,'08.577.02.21.','M''Ssici','مصيسي',3),
('08.577.','08.577.03.',01,'08.577.03.01.','Ait Hani','آيت هاني',3),
('08.577.','08.577.03.',05,'08.577.03.05.','Assoul','عسول',3),
('08.577.','08.577.05.',03,'08.577.05.03.','Ait Ouassif','آيت واسيف',3),
('08.577.','08.577.05.',05,'08.577.05.05.','Ait Sedrate JbelEl Oulia','آيت سدرات الجبل العليا',3),
('08.577.','08.577.05.',07,'08.577.05.07.','Ait Sedrate JbelEL Soufla','آيت سدرات الجبل السفلا',3),
('08.577.','08.577.05.',09,'08.577.05.09.','Ait Sedrate Sahl Charkia','آيت سدرات السهل الشرقية',3),
('08.577.','08.577.05.',11,'08.577.05.11.','Ait Sedrate Sahl El Gharbia','آيت سدرات السهل الغربية',3),
('08.577.','08.577.05.',13,'08.577.05.13.','Ait Youl','آيت يول',3),
('08.577.','08.577.05.',15,'08.577.05.15.','Ighil N''Oumgoun','إغيلن أومكون',3),
('08.577.','08.577.05.',17,'08.577.05.17.','Ikniouen','أكنيون',3),
('08.577.','08.577.05.',21,'08.577.05.21.','M''Semrir','مسمرير',3),
('08.577.','08.577.05.',25,'08.577.05.25.','Souk Lakhmis Dades','سوق خميس دادس',3),
('08.577.','08.577.05.',29,'08.577.05.29.','Tilmi','تيلمي',3),
('08.577.','08.577.07.',01,'08.577.07.01.','Ait El Farsi','آيت الفرسي',3),
('08.577.','08.577.07.',19,'08.577.07.19.','Imider','إيميدر',3),
('08.577.','08.577.07.',23,'08.577.07.23.','Ouaklim','واكليم',3),
('08.577.','08.577.07.',27,'08.577.07.27.','Taghzoute N''Ait Atta','تاغزوت نآيت عطا',3),
('08.577.','08.577.07.',31,'08.577.07.31.','Toudgha El Oulia','تودغى العليا',3),
('08.577.','08.577.07.',33,'08.577.07.33.','Toudgha Essoufla','تودغى السفلى',3),
('08.587.',NULL,01,'08.587.01.01.','Agdz (Mun.)','أكدز',2),
('08.587.',NULL,13,'08.587.01.13.','Zagora (Mun.)','زاكورة',2),
('08.587.','08.587.03.',01,'08.587.03.01.','Afella N''Dra','أفلا ندرا',3),
('08.587.','08.587.03.',03,'08.587.03.03.','Afra','عفراء',3),
('08.587.','08.587.03.',05,'08.587.03.05.','Ait Boudaoud','آيت بوداود',3),
('08.587.','08.587.03.',07,'08.587.03.07.','Ait Ouallal','آيت ولال',3),
('08.587.','08.587.03.',21,'08.587.03.21.','Mezguita','مزكيطة',3),
('08.587.','08.587.03.',25,'08.587.03.25.','N''Kob','انقوب',3),
('08.587.','08.587.03.',27,'08.587.03.27.','Oulad Yahia Lagraire','أولاد يحيى الكراير',3),
('08.587.','08.587.03.',31,'08.587.03.31.','Taghbalte','تاغبالت',3),
('08.587.','08.587.03.',37,'08.587.03.37.','Tamezmoute','تامزموت',3),
('08.587.','08.587.03.',39,'08.587.03.39.','Tansifte',' تانسيفت',3),
('08.587.','08.587.03.',41,'08.587.03.41.','Tazarine','تازارين',3),
('08.587.','08.587.07.',09,'08.587.07.09.','Bleida','ابليدة',3),
('08.587.','08.587.07.',11,'08.587.07.11.','Bni Zoli','بني زولي',3),
('08.587.','08.587.07.',13,'08.587.07.13.','Bouzeroual','بوزروال',3),
('08.587.','08.587.07.',15,'08.587.07.15.','Errouha','الروحا',3),
('08.587.','08.587.07.',29,'08.587.07.29.','Taftechna','تافتشنا',3),
('08.587.','08.587.07.',43,'08.587.07.43.','Ternata','ترناتة',3),
('08.587.','08.587.07.',45,'08.587.07.45.','Tinzouline','تينزولين',3),
('08.587.','08.587.09.',17,'08.587.09.17.','Fezouata','فزواطة',3),
('08.587.','08.587.09.',19,'08.587.09.19.','Ktaoua','كتاوة',3),
('08.587.','08.587.09.',23,'08.587.09.23.','M''Hamid El Ghizlane','محاميد الغزلان',3),
('08.587.','08.587.09.',33,'08.587.09.33.','Tagounite','تاڭونيت',3),
('08.587.','08.587.09.',35,'08.587.09.35.','Tamegroute','تامكروت',3),
('09.001.',NULL,01,'09.001.01.01.','Agadir (Mun.)','أكادير ',2),
('09.001.','09.001.05.',01,'09.001.05.01.','Amskroud','أمسكروض',3),
('09.001.','09.001.05.',09,'09.001.05.09.','Drargua','الدراركة',3),
('09.001.','09.001.05.',11,'09.001.05.11.','Idmine','إضمين',3),
('09.001.','09.001.07.',03,'09.001.07.03.','Aourir','أورير',3),
('09.001.','09.001.07.',05,'09.001.07.05.','Aqesri','أقصري',3),
('09.001.','09.001.07.',07,'09.001.07.07.','Aziar','أزيار',3),
('09.001.','09.001.07.',13,'09.001.07.13.','Imouzzer','إيموزار',3),
('09.001.','09.001.07.',15,'09.001.07.15.','Imsouane','إمسوان',3),
('09.001.','09.001.07.',21,'09.001.07.21.','Tadrart','تادرارت',3),
('09.001.','09.001.07.',23,'09.001.07.23.','Taghazout','تغازوت',3),
('09.001.','09.001.07.',25,'09.001.07.25.','Tamri','تامري',3),
('09.001.','09.001.07.',29,'09.001.07.29.','Tiqqi','تقي',3),
('09.163.',NULL,03,'09.163.01.03.','Ait Baha (Mun.)','آيت باها',2),
('09.163.',NULL,11,'09.163.01.11.','Biougra (Mun.)','بيوكرة',2),
('09.163.','09.163.03.',05,'09.163.03.05.','Ait Mzal','آيت امزال',3),
('09.163.','09.163.03.',07,'09.163.03.07.','Ait Ouadrim','آيت ودريم',3),
('09.163.','09.163.03.',09,'09.163.03.09.','Aouguenz','أوكنز',3),
('09.163.','09.163.03.',13,'09.163.03.13.','Hilala','هلالة',3),
('09.163.','09.163.03.',15,'09.163.03.15.','Ida Ougnidif','إدا وكنيضيف',3),
('09.163.','09.163.03.',25,'09.163.03.25.','Sidi AbdallahEl Bouchouari','سيدي عبد الله البوشواري',3),
('09.163.','09.163.03.',33,'09.163.03.33.','Tanalt','تنالت',3),
('09.163.','09.163.03.',35,'09.163.03.35.','Targua Ntouchka','تاركة نتوشكة',3),
('09.163.','09.163.03.',37,'09.163.03.37.','Tassegdelt','تسكدلت',3),
('09.163.','09.163.03.',39,'09.163.03.39.','Tizi Ntakoucht','تيزي نتاكوشت',3),
('09.163.','09.163.05.',03,'09.163.05.03.','Ait Milk','آيت ميلك',3),
('09.163.','09.163.05.',11,'09.163.05.11.','Belfaa','بلفاع',3),
('09.163.','09.163.05.',19,'09.163.05.19.','Inchaden','إنشادن',3),
('09.163.','09.163.05.',21,'09.163.05.21.','Massa','ماسا',3),
('09.163.','09.163.05.',31,'09.163.05.31.','Sidi Ouassay','سيدي وساي',3),
('09.163.','09.163.07.',01,'09.163.07.01.','Ait Amira','آيت عميرة',3),
('09.163.','09.163.07.',17,'09.163.07.17.','Imi Mqourn','إمي مقورن',3),
('09.163.','09.163.07.',23,'09.163.07.23.','Ouad Essafa','واد الصفا',3),
('09.163.','09.163.07.',27,'09.163.07.27.','Sidi Bibi','سيدي بيبي',3),
('09.163.','09.163.07.',29,'09.163.07.29.','Sidi Boushab','سيدي بوسحاب',3),
('09.273.',NULL,05,'09.273.01.05.','Ait Melloul (Mun.)','آيت ملول',2),
('09.273.',NULL,13,'09.273.01.13.','Dcheira El Jihadia (Mun.)','الدشيرة الجهادية',2),
('09.273.',NULL,15,'09.273.01.15.','Inezgane (Mun.)','إنزكان',2),
('09.273.',NULL,17,'09.273.01.17.','Lqliaa (Mun.)','القليعة',2),
('09.273.','09.273.05.',19,'09.273.05.19.','Oulad Dahou','أولاد دحو',3),
('09.273.','09.273.05.',27,'09.273.05.27.','Temsia','التمسية',3),
('09.541.',NULL,01,'09.541.01.01.','Ait Iaaza (Mun.)','آيت ايعزة',2),
('09.541.',NULL,02,'09.541.01.02.','Aoulouz (Mun.)','أولوز',2),
('09.541.',NULL,03,'09.541.01.03.','El Guerdane (Mun.)','شركة قردان',2),
('09.541.',NULL,05,'09.541.01.05.','Irherm (Mun.)','اغرم',2),
('09.541.',NULL,07,'09.541.01.07.','Oulad Berhil (Mun.)','أولاد برحيل',2),
('09.541.',NULL,09,'09.541.01.09.','Oulad Teima (Mun.)','أولاد تايمة',2),
('09.541.',NULL,11,'09.541.01.11.','Taliouine (Mun.)','تاليوين',2),
('09.541.',NULL,13,'09.541.01.13.','Taroudannt (Mun.)','تارودانت',2),
('09.541.','09.541.03.',01,'09.541.03.01.','Adar','أدار',3),
('09.541.','09.541.03.',03,'09.541.03.03.','Ait Abdallah','آيت عبد الله',3),
('09.541.','09.541.03.',05,'09.541.03.05.','Amalou','أمالو',3),
('09.541.','09.541.03.',07,'09.541.03.07.','Azaghar N''Irs','أزغار نيرس',3),
('09.541.','09.541.03.',09,'09.541.03.09.','Imaouen','إيماون',3),
('09.541.','09.541.03.',11,'09.541.03.11.','Imi N''Tayart','إيمي نتايارت',3),
('09.541.','09.541.03.',13,'09.541.03.13.','Nihit',' النيحت',3),
('09.541.','09.541.03.',15,'09.541.03.15.','Oualqadi','اوالقاضي',3),
('09.541.','09.541.03.',17,'09.541.03.17.','Sidi Boaal','سيدي بوعل',3),
('09.541.','09.541.03.',19,'09.541.03.19.','Sidi Mzal','سيدي امزال',3),
('09.541.','09.541.03.',21,'09.541.03.21.','Tabia','طابية',3),
('09.541.','09.541.03.',23,'09.541.03.23.','Tataoute','تتاوت',3),
('09.541.','09.541.03.',25,'09.541.03.25.','Tindine','تيندين',3),
('09.541.','09.541.03.',27,'09.541.03.27.','Tisfane','تيسفان',3),
('09.541.','09.541.03.',29,'09.541.03.29.','Toufelaazt','توفلعازت',3),
('09.541.','09.541.03.',31,'09.541.03.31.','Toumliline','تومليلين',3),
('09.541.','09.541.04.',09,'09.541.04.09.','Arazane','أرزان',3),
('09.541.','09.541.04.',13,'09.541.04.13.','El Faid','الفايد',3),
('09.541.','09.541.04.',17,'09.541.04.17.','Ida Ou Gailal','إدا وڭيلال',3),
('09.541.','09.541.04.',21,'09.541.04.21.','Ida Ougoummad','إدا وڭماض',3),
('09.541.','09.541.04.',23,'09.541.04.23.','Igli','ايغلي',3),
('09.541.','09.541.04.',25,'09.541.04.25.','Igoudar Mnabha','إيڭودار منابهة',3),
('09.541.','09.541.04.',29,'09.541.04.29.','Lamhara',' المهارة',3),
('09.541.','09.541.04.',33,'09.541.04.33.','Oulad Aissa','أولاد عيسى',3),
('09.541.','09.541.04.',35,'09.541.04.35.','Ouneine','اوناين',3),
('09.541.','09.541.04.',39,'09.541.04.39.','Sidi Abdellah Ou Said','سيدي عبد الله أو سعيد',3),
('09.541.','09.541.04.',47,'09.541.04.47.','Sidi Ouaaziz','سيدي واعزيز',3),
('09.541.','09.541.04.',49,'09.541.04.49.','Tafingoult','تافنكولت',3),
('09.541.','09.541.04.',53,'09.541.04.53.','Talgjount','تالكجونت',3),
('09.541.','09.541.04.',59,'09.541.04.59.','Tigouga','تيڭوڭة',3),
('09.541.','09.541.04.',61,'09.541.04.61.','Tinzart','تينزرت',3),
('09.541.','09.541.04.',67,'09.541.04.67.','Tizi N''Test','تيزي نتاست',3),
('09.541.','09.541.04.',69,'09.541.04.69.','Toughmart','توغمرت',3),
('09.541.','09.541.05.',01,'09.541.05.01.','Ahl Ramel','أهل الرمل',3),
('09.541.','09.541.05.',03,'09.541.05.03.','Argana','أركانة',3),
('09.541.','09.541.05.',05,'09.541.05.05.','Assads','الأسد',3),
('09.541.','09.541.05.',07,'09.541.05.07.','Bigoudine','بيڭودين',3),
('09.541.','09.541.05.',09,'09.541.05.09.','Eddir','الدير',3),
('09.541.','09.541.05.',11,'09.541.05.11.','El Koudia El Beida','الكدية البيضاء',3),
('09.541.','09.541.05.',13,'09.541.05.13.','Imilmaiss','إميلمايس',3),
('09.541.','09.541.05.',15,'09.541.05.15.','Issen',' يسن',3),
('09.541.','09.541.05.',17,'09.541.05.17.','Lagfifat','الغفيفات',3),
('09.541.','09.541.05.',19,'09.541.05.19.','Lakhnafif','الخنانيف',3),
('09.541.','09.541.05.',21,'09.541.05.21.','Lamhadi','لمهادي',3),
('09.541.','09.541.05.',23,'09.541.05.23.','Machraa El Ain','مشرع العين',3),
('09.541.','09.541.05.',25,'09.541.05.25.','Sidi Ahmed Ou Amar','سيدي أحمد أو عمار',3),
('09.541.','09.541.05.',27,'09.541.05.27.','Sidi Boumoussa','سيدي بوموسى',3),
('09.541.','09.541.05.',29,'09.541.05.29.','Sidi Moussa Lhamri','سيدي موسى الحمري',3),
('09.541.','09.541.05.',31,'09.541.05.31.','Talmakante','تالمكانت',3),
('09.541.','09.541.05.',33,'09.541.05.33.','Tidsi Nissendalene','تدسي نيسدلان',3),
('09.541.','09.541.07.',01,'09.541.07.01.','Agadir Melloul','أكادير ملول',3),
('09.541.','09.541.07.',03,'09.541.07.03.','Ahl Tifnoute','أهل تفنوت',3),
('09.541.','09.541.07.',05,'09.541.07.05.','Askaouen','أسكاون',3),
('09.541.','09.541.07.',07,'09.541.07.07.','Assaisse','أسايس',3),
('09.541.','09.541.07.',09,'09.541.07.09.','Assaki','أساكي',3),
('09.541.','09.541.07.',11,'09.541.07.11.','Azrar','ازرار',3),
('09.541.','09.541.07.',13,'09.541.07.13.','Iguidi','ايجويدي',3),
('09.541.','09.541.07.',15,'09.541.07.15.','Sidi Hsaine','سيدي احساين',3),
('09.541.','09.541.07.',17,'09.541.07.17.','Taouyalte','تاويالت',3),
('09.541.','09.541.07.',19,'09.541.07.19.','Tassousfi','تسوسفي',3),
('09.541.','09.541.07.',21,'09.541.07.21.','Tizgzaouine','تيزڭزاوين',3),
('09.541.','09.541.07.',23,'09.541.07.23.','Toubkal','توبقال',3),
('09.541.','09.541.07.',25,'09.541.07.25.','Zagmouzen','زڭموزن',3),
('09.541.','09.541.07.',37,'09.541.07.37.','Ouzioua','اوزيوة',3),
('09.541.','09.541.07.',65,'09.541.07.65.','Tisrasse','تيسراس',3),
('09.541.','09.541.09.',01,'09.541.09.01.','Ahmar Laglalcha','أحمر لڭلالشة',3),
('09.541.','09.541.09.',03,'09.541.09.03.','Ait Igas','آيت إيڭاس',3),
('09.541.','09.541.09.',05,'09.541.09.05.','Ait Makhlouf','آيت مخلوف',3),
('09.541.','09.541.09.',11,'09.541.09.11.','Bounrar','بونرار',3),
('09.541.','09.541.09.',15,'09.541.09.15.','Freija','افريجة',3),
('09.541.','09.541.09.',19,'09.541.09.19.','Ida Ou Moumen','إدا أو مومن',3),
('09.541.','09.541.09.',27,'09.541.09.27.','Imoulass','إيمولاس',3),
('09.541.','09.541.09.',31,'09.541.09.31.','Lamnizla','لمنيزلة',3),
('09.541.','09.541.09.',41,'09.541.09.41.','Sidi Ahmed Ou Abdallah','سيدي أحمد أو عبد الله',3),
('09.541.','09.541.09.',43,'09.541.09.43.','Sidi Borja','سيدي بورجا',3),
('09.541.','09.541.09.',45,'09.541.09.45.','Sidi Dahmane','سيدي دحمان',3),
('09.541.','09.541.09.',51,'09.541.09.51.','Tafraouten','تافراوتن',3),
('09.541.','09.541.09.',55,'09.541.09.55.','Tamaloukte','تملوكت',3),
('09.541.','09.541.09.',57,'09.541.09.57.','Tazemmourt','تزمورت',3),
('09.541.','09.541.09.',63,'09.541.09.63.','Tiout','تيوت',3),
('09.541.','09.541.09.',71,'09.541.09.71.','Zaouia Sidi Tahar','زاوية سيدي الطاهر',3),
('09.551.',NULL,01,'09.551.01.01.','Akka (Mun.)','عكا',2),
('09.551.',NULL,03,'09.551.01.03.','Fam El Hisn (Mun.)','فم الحصن',2),
('09.551.',NULL,05,'09.551.01.05.','Foum Zguid (Mun.)','فم زكيد',2),
('09.551.',NULL,07,'09.551.01.07.','Tata (Mun.)','طاطا',2),
('09.551.','09.551.03.',01,'09.551.03.01.','Ait Ouabelli','ايت وبلي',3),
('09.551.','09.551.03.',03,'09.551.03.03.','Kasbat Sidi Abdellah Ben M''Barek','قصبة سيدي عبد الله بن امبارك',3),
('09.551.','09.551.03.',05,'09.551.03.05.','Tamanarte','تمنارت',3),
('09.551.','09.551.03.',07,'09.551.03.07.','Tizounine','تيزونين',3),
('09.551.','09.551.05.',01,'09.551.05.01.','Aguinane','أكـينان',3),
('09.551.','09.551.05.',03,'09.551.05.03.','Akka Ighane','أقا إيغان',3),
('09.551.','09.551.05.',05,'09.551.05.05.','Allougoum','الوغوم',3),
('09.551.','09.551.05.',07,'09.551.05.07.','Ibn Yacoub','بن يعقوب',3),
('09.551.','09.551.05.',09,'09.551.05.09.','Tissint','تيسينت',3),
('09.551.','09.551.05.',11,'09.551.05.11.','Tlite','تــلــيـت',3),
('09.551.','09.551.07.',01,'09.551.07.01.','Adis','أديس',3),
('09.551.','09.551.07.',03,'09.551.07.03.','Issafen','إيسافن',3),
('09.551.','09.551.07.',05,'09.551.07.05.','Oum El Guerdane','أم شرم قردان',3),
('09.551.','09.551.07.',07,'09.551.07.07.','Tagmout','تڭموت',3),
('09.551.','09.551.07.',09,'09.551.07.09.','Tigzmerte','تقزيرت',3),
('09.551.','09.551.07.',11,'09.551.07.11.','Tizaghte','تيزغت',3),
('09.581.',NULL,05,'09.581.01.05.','Tafraout (Mun.)','تافراوت ',2),
('09.581.',NULL,07,'09.581.01.07.','Tiznit (Mun.)','تزنيت ',2),
('09.581.','09.581.03.',01,'09.581.03.01.','Ait Issafen','آيت إيسافن',3),
('09.581.','09.581.03.',03,'09.581.03.03.','Anzi','العنزي',3),
('09.581.','09.581.03.',05,'09.581.03.05.','Arbaa Ait Ahmed','أربعاء أيت أحمد',3),
('09.581.','09.581.03.',07,'09.581.03.07.','Ida Ou Gougmar','إد أو ڭوڭمار',3),
('09.581.','09.581.03.',09,'09.581.03.09.','Sidi Ahmed Ou Moussa','سيدي أحمد أو موسى',3),
('09.581.','09.581.03.',11,'09.581.03.11.','Tafraout El Mouloud','تافراوت المولود',3),
('09.581.','09.581.03.',13,'09.581.03.13.','Tighmi','تيغمي',3),
('09.581.','09.581.03.',15,'09.581.03.15.','Tizoughrane','تيزغران',3),
('09.581.','09.581.03.',17,'09.581.03.17.','Tnine Aday','تنين عداي',3),
('09.581.','09.581.09.',01,'09.581.09.01.','Afella Ighir','أفلا اغير',3),
('09.581.','09.581.09.',03,'09.581.09.03.','Ait Ouafqa','آيت أوفقا',3),
('09.581.','09.581.09.',05,'09.581.09.05.','Ammelne','أملن',3),
('09.581.','09.581.09.',07,'09.581.09.07.','Irigh N''Tahala','إيريغ نتاهلة',3),
('09.581.','09.581.09.',09,'09.581.09.09.','Tarsouat','تارسوات',3),
('09.581.','09.581.09.',11,'09.581.09.11.','Tassrirt','تاسريرت',3),
('09.581.','09.581.11.',01,'09.581.11.01.','Arbaa Rasmouka','أربعاء رسموكة',3),
('09.581.','09.581.11.',03,'09.581.11.03.','Arbaa Sahel','أربعاء الساحل',3),
('09.581.','09.581.11.',05,'09.581.11.05.','Bounaamane','بونعمان',3),
('09.581.','09.581.11.',07,'09.581.11.07.','El Maader El Kabir','المعدر الكبير',3),
('09.581.','09.581.11.',09,'09.581.11.09.','Ouijjane','ويجان',3),
('09.581.','09.581.11.',11,'09.581.11.11.','Reggada','الرڭادة',3),
('09.581.','09.581.11.',13,'09.581.11.13.','Sidi Bouabdelli','سيدي بو عبد اللي',3),
('09.581.','09.581.11.',15,'09.581.11.15.','Tnine Aglou','اثنين أغلو',3),
('10.071.',NULL,01,'10.071.01.01.','Assa (Mun.)','آسا',2),
('10.071.',NULL,03,'10.071.01.03.','Zag (Mun.)','الزاك',2),
('10.071.','10.071.03.',01,'10.071.03.01.','Aouint Lahna','عوينة لهنا',3),
('10.071.','10.071.03.',03,'10.071.03.03.','Aouint Yghomane','عوينة إغمان',3),
('10.071.','10.071.03.',05,'10.071.03.05.','Touizgui','تويزكي',3),
('10.071.','10.071.05.',01,'10.071.05.01.','Al Mahbass','المحبس',3),
('10.071.','10.071.05.',03,'10.071.05.03.','Labouirat','لبويرات',3),
('10.261.',NULL,01,'10.261.01.01.','Bouizakarne (Mun.)','بويزكارن',2),
('10.261.',NULL,03,'10.261.01.03.','Guelmim (Mun.)','كلميم ',2),
('10.261.','10.261.03.',01,'10.261.03.01.','Aday','عداي',3),
('10.261.','10.261.03.',03,'10.261.03.03.','Ait Boufoulen','آيت بوفلن',3),
('10.261.','10.261.03.',05,'10.261.03.05.','Amtdi','امتدي',3),
('10.261.','10.261.03.',07,'10.261.03.07.','Ifrane Atlas Saghir','إفران الأطلس الصغير',3),
('10.261.','10.261.03.',09,'10.261.03.09.','Tagante','تكانت',3),
('10.261.','10.261.03.',11,'10.261.03.11.','Taghjijt','تغجيجت',3),
('10.261.','10.261.03.',13,'10.261.03.13.','Timoulay','تيمولاي',3),
('10.261.','10.261.05.',03,'10.261.05.03.','Aferkat','أفركط',3),
('10.261.','10.261.05.',05,'10.261.05.05.','Asrir','اسرير',3),
('10.261.','10.261.05.',09,'10.261.05.09.','Fask','فاصك',3),
('10.261.','10.261.05.',21,'10.261.05.21.','Tiglit','تيݣليت',3),
('10.261.','10.261.07.',01,'10.261.07.01.','Abaynou','أباينو',3),
('10.261.','10.261.07.',07,'10.261.07.07.','Echatea El Abied','الشاطئ الأبيض',3),
('10.261.','10.261.07.',11,'10.261.07.11.','Labyar','لبيار',3),
('10.261.','10.261.07.',13,'10.261.07.13.','Laqsabi Tagoust','لقصابي تكوست',3),
('10.261.','10.261.07.',15,'10.261.07.15.','Rass Oumlil','رأس أومــلــيـل',3),
('10.261.','10.261.07.',17,'10.261.07.17.','Taliouine Assaka','تلوين أساكا',3),
('10.261.','10.261.07.',19,'10.261.07.19.','Targa Wassay','تاركا وساي',3),
('10.473.',NULL,01,'10.473.01.01.','Lakhsas (Mun.)','الأخصاص',2),
('10.473.',NULL,03,'10.473.01.03.','Sidi Ifni (Mun.)','سيدي إفني ',2),
('10.473.','10.473.05.',01,'10.473.05.01.','Arbaa Ait Abdellah','أربعاء آيت عبد الله',3),
('10.473.','10.473.05.',03,'10.473.05.03.','Imi N''Fast','إيمي ان فاست',3),
('10.473.','10.473.05.',05,'10.473.05.05.','Mesti','مستي',3),
('10.473.','10.473.05.',07,'10.473.05.07.','Mirleft','ميرلفت',3),
('10.473.','10.473.05.',09,'10.473.05.09.','Sbouya','اصبويا',3),
('10.473.','10.473.05.',11,'10.473.05.11.','Tangarfa','تانڭرفا',3),
('10.473.','10.473.05.',13,'10.473.05.13.','Tioughza','تيوغزة',3),
('10.473.','10.473.05.',15,'10.473.05.15.','Tnine Amellou','الاثنين أملو',3),
('10.473.','10.473.07.',01,'10.473.07.01.','Ait Erkha','آيت الرخا',3),
('10.473.','10.473.07.',03,'10.473.07.03.','Anfeg','أنفك',3),
('10.473.','10.473.07.',05,'10.473.07.05.','Boutrouch','بوطروش',3),
('10.473.','10.473.07.',07,'10.473.07.07.','Ibdar','إيبضر',3),
('10.473.','10.473.07.',09,'10.473.07.09.','Sebt Ennabour','سبت النابور',3),
('10.473.','10.473.07.',11,'10.473.07.11.','Sidi AbdallahOu Belaid','سيدي عبد الله او بلعيد ',3),
('10.473.','10.473.07.',13,'10.473.07.13.','Sidi H''Saine Ou Ali','سيدي حسن أوعلي ',3),
('10.473.','10.473.07.',15,'10.473.07.15.','Sidi M''Bark','سيدي امبارك',3),
('10.473.','10.473.07.',17,'10.473.07.17.','Tighirt',' تغيرت',3),
('10.521.',NULL,01,'10.521.01.01.','Tan Tan (Mun.)','تان تان ',2),
('10.521.',NULL,03,'10.521.01.03.','El Ouatia (Mun.)','الوطية',2),
('10.521.','10.521.03.',01,'10.521.03.01.','Msied','لمسيد',3),
('10.521.','10.521.03.',03,'10.521.03.03.','Tilemzoun','تلمزون',3),
('10.521.','10.521.05.',01,'10.521.05.01.','Abteh','ابطيح',3),
('10.521.','10.521.05.',03,'10.521.05.03.','Ben Khlil','بن خليل',3),
('10.521.','10.521.05.',05,'10.521.05.05.','Chbika','شبيكة',3),
('11.121.',NULL,01,'11.121.01.01.','Boujdour (Mun.)','بوجدور',2),
('11.121.','11.121.03.',01,'11.121.03.01.','Gueltat Zemmour','ڭلتة زمور',3),
('11.121.','11.121.03.',03,'11.121.03.03.','Jraifia','الجريفية',3),
('11.121.','11.121.03.',05,'11.121.03.05.','Lamssid','لمسيد',3),
('11.221.',NULL,01,'11.221.01.01.','Es-semara (Mun.)',' السمارة',2),
('11.221.','11.221.03.',01,'11.221.03.01.','Amgala','أمغالا',3),
('11.221.','11.221.03.',03,'11.221.03.03.','Haouza','حوزة',3),
('11.221.','11.221.03.',05,'11.221.03.05.','Jdiriya','اجديرية',3),
('11.221.','11.221.03.',07,'11.221.03.07.','Sidi Ahmed Laaroussi','سيدي أحمد لعروسي',3),
('11.221.','11.221.03.',09,'11.221.03.09.','Tifariti','تيفاريتي',3),
('11.321.',NULL,01,'11.321.01.01.','El Marsa (Mun.)','المرسى',2),
('11.321.',NULL,03,'11.321.01.03.','Laayoune (Mun.)','العيون ',2),
('11.321.','11.321.03.',01,'11.321.03.01.','Boukraa','بوكراع',3),
('11.321.','11.321.03.',03,'11.321.03.03.','Dcheira','الدشيرة',3),
('11.321.','11.321.03.',05,'11.321.03.05.','Foum El Oued','فم الواد',3),
('11.537.',NULL,05,'11.537.01.05.','Tarfaya (Mun.)','طرفاية ',2),
('11.537.','11.537.03.',03,'11.537.03.03.','Daoura','الدورة',3),
('11.537.','11.537.03.',05,'11.537.03.05.','El Hagounia','الحڭونية',3),
('11.537.','11.537.05.',01,'11.537.05.01.','Akhfennir','أخفنير',3),
('11.537.','11.537.05.',07,'11.537.05.07.','Tah','التاه',3),
('12.066.',NULL,03,'12.066.01.03.','Lagouira (Mun.)','كويرة ',2),
('12.066.','12.066.03.',03,'12.066.03.03.','Aghouinite','أڭونيت',3),
('12.066.','12.066.03.',05,'12.066.03.05.','Aousserd','أوسرد',3),
('12.066.','12.066.03.',07,'12.066.03.07.','Tichla','تيشلا',3),
('12.066.','12.066.03.',09,'12.066.03.09.','Zoug','زوغ',3),
('12.066.','12.066.05.',03,'12.066.05.03.','Bir Gandouz','بئر كندوز',3),
('12.391.',NULL,01,'12.391.01.01.','Dakhla (Mun.)','الداخلة',2),
('12.391.','12.391.05.',01,'12.391.05.01.','Bir Anzarane','بئر أنزران',3),
('12.391.','12.391.05.',03,'12.391.05.03.','Gleibat El Foula','اكليبات الفولة',3),
('12.391.','12.391.05.',05,'12.391.05.05.','Mijik','ميجيك',3),
('12.391.','12.391.05.',07,'12.391.05.07.','Oum Dreyga','أم دريغة',3),
('12.391.','12.391.09.',01,'12.391.09.01.','El Argoub','العرڭوب',3),
('12.391.','12.391.09.',03,'12.391.09.03.','Imlili','امليلي',3),
('01.051.','01.051.05.',03,'01.051.05.03.4.','Centre: Sidi Bouafif','سيدي بوافيف',1),
('01.051.','01.051.05.',09,'01.051.05.09.3.','Centre: Bni Hadifa','بني حديفة',1),
('01.051.','01.051.05.',13,'01.051.05.13.3.','Centre: Tamassint','تاماسينت',1),
('01.051.','01.051.09.',13,'01.051.09.13.3.','Centre: Issaguen','  إيساغن',1),
('01.151.','01.151.03.',03,'01.151.03.03.3.','Centre: Bab Berred','  باب برد',1),
('01.151.','01.151.05.',01,'01.151.05.01.3.','Centre: Bab Taza',' باب تازة',1),
('01.151.','01.151.09.',17,'01.151.09.17.3.','Centre: Jebha','ألجبهة',1),
('01.331.','01.331.07.',05,'01.331.07.05.3.','Centre: Laouamra','العوامرة',1),
('01.331.','01.331.11.',11,'01.331.11.11.3.','Centre: Khemis Sahel',' خميس الساحل',1),
('01.405.','01.405.07.',03,'01.405.07.03.3.','Centre: Ain Dorij','عين دريج',1),
('01.405.','01.405.09.',05,'01.405.09.05.3.','Centre: Brikcha','بريكشة',1),
('01.405.','01.405.09.',09,'01.405.09.09.3.','Centre: Moqrisset','مقريصات',1),
('01.405.','01.405.11.',11,'01.405.11.11.3.','Centre: Zoumi',' زومي',1),
('01.511.','01.511.03.',07,'01.511.03.07.3.','Centre: Dar Chaoui',' دار الشاوي',1),
('01.511.','01.511.03.',13,'01.511.03.13.3.','Centre: Tnine Sidi Lyamani','تنين سيدي اليماني',1),
('01.571.','01.571.03.',09,'01.571.03.09.3.','Centre: Karia',' كاريا',1),
('01.571.','01.571.05.',17,'01.571.05.17.3.','Centre: Dar Bni Karrich','دار بن كريش',1),
('02.113.','02.113.03.',11,'02.113.03.11.3.','Centre: Madagh','مداغ',1),
('02.167.','02.167.03.',07,'02.167.03.07.3.','Centre: Dar El Kebdani ',' دار الكبداني',1),
('02.167.','02.167.09.',21,'02.167.09.21.3.','Centre: Tafersit','تفرسيت',1),
('02.167.','02.167.09.',25,'02.167.09.25.3.','Centre: Kourouna','كورونا',1),
('02.167.','02.167.09.',29,'02.167.09.29.3.','Centre: Kassita','قاسطا',1),
('02.251.','02.251.03.',03,'02.251.03.03.3.','Centre: Bni Tadjite','بني تجيت',1),
('02.251.','02.251.03.',05,'02.251.03.05.3.','Centre: Bouanane','بوانان',1),
('02.251.','02.251.03.',11,'02.251.03.11.3.','Centre: Talsint','تالسينت',1),
('02.251.','02.251.05.',07,'02.251.05.07.3.','Centre: Tendrara','تندرارة',1),
('02.275.','02.275.03.',15,'02.275.03.15.3.','Centre: Sidi Boubker','سيدي بوبكر',1),
('02.275.','02.275.03.',21,'02.275.03.21.3.','Centre: Oued El Heimer','واد الحيمر',1),
('02.381.','02.381.05.',03,'02.381.05.03.3.','Centre: Bni Chiker','بني شيكر',1),
('02.381.','02.381.05.',15,'02.381.05.15.3.','Centre: Bouizazarene Ihaddadene','بويزازرن إيحدادن',1),
('02.381.','02.381.07.',05,'02.381.07.05.3.','Centre: Kariat Arekmane','قرية أرکمان',1),
('02.381.','02.381.07.',17,'02.381.07.17.3.','Centre: Tiztoutine ','تيزضوضين',1),
('03.061.','03.061.03.',01,'03.061.03.01.3.','Centre: Ain Jemaa','عين جمعة',1),
('03.061.','03.061.03.',02,'03.061.03.02.3.','Centre: Ain Karma','عين كرمة',1),
('03.061.','03.061.05.',01,'03.061.05.01.3.','Centre: Zoualet',' الزوالط',1),
('03.061.','03.061.05.',05,'03.061.05.05.3.','Centre: M''haya','المهاية',1),
('03.061.','03.061.05.',09,'03.061.05.09.3.','Centre: Haj Kaddour',' الحاج قدور',1),
('03.061.','03.061.07.',07,'03.061.07.07.3.','Centre: N''zalat','نزالة',1),
('03.131.','03.131.03.',11,'03.131.03.11.3.','Centre: Guigou','جيجو',1),
('03.131.','03.131.03.',15,'03.131.03.15.3.','Centre: Skoura','سكورة',1),
('03.171.','03.171.03.',03,'03.171.03.03.3.','Centre: Kantina','قنطيرة',1),
('03.171.','03.171.03.',05,'03.171.03.05.3.','Centre: Sebt Jahjouh',' سبت جحجوح',1),
('03.171.','03.171.05.',01,'03.171.05.01.3.','Centre: Bouderbala',' بودربالة',1),
('03.231.','03.231.81.',01,'03.231.81.01.3.','Centre: Ouled Tayeb ',' أولاد الطيب',1),
('03.231.','03.231.81.',05,'03.231.81.05.3.','Centre: Skhinate','السخينات',1),
('03.271.','03.271.03.',01,'03.271.03.01.3.','Centre: Ain Leuh','عين اللوح',1),
('03.271.','03.271.03.',05,'03.271.03.05.3.','Centre: Souk L''had','سوق الحد',1),
('03.271.','03.271.03.',07,'03.271.03.07.3.','Centre: Sidi Addi','سيدي عدي',1),
('03.271.','03.271.03.',11,'03.271.03.11.3.','Centre: Timahdite','تيمحضيت',1),
('03.451.','03.451.03.',03,'03.451.03.03.3.','Centre: Zaouiat Bougrine','زاوية بوكرين',1),
('03.451.','03.451.05.',01,'03.451.05.01.3.','Centre: Ain Cheggag','عين شكاك',1),
('03.531.','03.531.09.',01,'03.531.09.01.3.','Centre: Ain Aicha','عين عائشة',1),
('03.561.','03.561.03.',01,'03.561.03.01.3.','Centre: Ajdir','اجدير',1),
('03.561.','03.561.03.',11,'03.561.03.11.3.','Centre: Tizi Ouasli','تيزي وسلي',1),
('03.561.','03.561.07.',09,'03.561.07.09.3.','Centre: Oulad Zbair','   مركز الذي: أولاد زباير',1),
('03.561.','03.561.09.',07,'03.561.09.07.3.','Centre: Matmata','مطماطة',1),
('03.561.','03.561.09.',13,'03.561.09.13.3.','Centre: Zrarda',' زراردة',1),
('03.561.','03.561.11.',13,'03.561.11.13.3.','Centre: Tainaste','تاينست',1),
('03.591.','03.591.03.',01,'03.591.03.01.3.','Centre: Ras El Mae',' رأس ماي',1),
('04.281.','04.281.03.',13,'04.281.03.13.3.','Centre: Sidi Taîbi','سيدي الطيبي',1),
('04.281.','04.281.07.',01,'04.281.07.01.3.','Centre: Arbaoua',' عرباوة',1),
('04.281.','04.281.09.',09,'04.281.09.09.3.','Centre: Sidi Allal Tazi',' سيدي علال التازي',1),
('04.281.','04.281.11.',05,'04.281.11.05.3.','Centre: Lalla Mimouna','للا ميمونة',1),
('04.281.','04.281.11.',07,'04.281.11.07.3.','Centre: Moulay Bousselham',' مولاي بوسلهام',1),
('04.291.','04.291.03.',07,'04.291.03.07.3.','Centre: Ait Yadine','آيت يادين',1),
('04.291.','04.291.05.',09,'04.291.05.09.3.','Centre: Maaziz','معازيز',1),
('04.291.','04.291.05.',11,'04.291.05.11.3.','Centre: Oulmes',' ولماس',1),
('04.291.','04.291.05.',13,'04.291.05.13.3.','Centre: Tiddas','تيدّاس',1),
('04.291.','04.291.07.',07,'04.291.07.07.3.','Centre: Ezzhiliga','الزحيليڭة',1),
('04.481.','04.481.07.',05,'04.481.07.05.3.','Centre: Khnichet','الخنيشات',1),
('04.481.','04.481.09.',13,'04.481.09.13.3.','Centre: Zirara','زيرارا',1),
('04.501.','04.501.03.',11,'04.501.03.11.3.','Centre: Sidi Yahya Zaer',' سيدي يحيى زعير',1),
('04.501.','04.501.03.',11,'04.501.03.11.4.','Centre: Tamesna','تامسنا',1),
('04.501.','04.501.05.',03,'04.501.05.03.3.','Centre: Mers El Kheir','مرس الخير',1),
('05.081.','05.081.05.',07,'05.081.05.07.3.','Centre: Bzou','بزو',1),
('05.081.','05.081.05.',09,'05.081.05.09.3.','Centre: Foum Jemaa','فم الجمعة',1),
('05.081.','05.081.09.',15,'05.081.09.15.3.','Centre: Ouaouizeght','واويزغت',1),
('05.081.','05.081.11.',01,'05.081.11.01.3.','Centre: Afourar','أفورار',1),
('05.091.','05.091.03.',05,'05.091.03.05.3.','Centre: Oulad M''Barek','أولاد مبارك',1),
('05.091.','05.091.03.',07,'05.091.03.07.3.','Centre: Oulad Yaich','أولاد يعيش',1),
('05.091.','05.091.03.',09,'05.091.03.09.3.','Centre: Sidi Jaber','سيدي جابر',1),
('05.091.','05.091.05.',01,'05.091.05.01.3.','Centre: Aghbala','أغبالةِ',1),
('05.091.','05.091.07.',07,'05.091.07.07.3.','Centre: Ighram Laalam','إغرم نلعلام',1),
('05.255.','05.255.09.',07,'05.255.09.07.3.','Centre: Bradia','برادية',1),
('05.255.','05.255.11.',01,'05.255.11.01.3.','Centre: Dar Ould Zidouh',' دار ولاد زيدوح',1),
('05.301.','05.301.03.',01,'05.301.03.01.3.','Centre: Ait Ishaq','آيت إسحاق',1),
('05.301.','05.301.03.',05,'05.301.03.05.3.','Centre: El Kbab','الكباب',1),
('05.301.','05.301.03.',07,'05.301.03.07.3.','Centre: Kerrouchen','كروشن',1),
('05.301.','05.301.03.',09,'05.301.03.09.3.','Centre: Ouaoumana','واومانة',1),
('05.301.','05.301.03.',13,'05.301.03.13.3.','Centre: Tighassaline','تيغسالين',1),
('05.301.','05.301.05.',25,'05.301.05.25.3.','Centre: Kahf Nssar','الكهف ناصر',1),
('05.301.','05.301.07.',03,'05.301.07.03.3.','Centre: Aguelmous','أكلموس',1),
('05.301.','05.301.07.',07,'05.301.07.07.3.','Centre: Thighza','تيغزة',1),
('05.301.','05.301.07.',09,'05.301.07.09.3.','Centre: Had Bouhssoussen','أحد بوحسوسن',1),
('05.301.','05.301.07.',15,'05.301.07.15.3.','Centre: Moulay Bouazza',' مولاي بوعزة',1),
('05.311.','05.311.05.',05,'05.311.05.05.3.','Centre: Boulanouare',' بولنوار',1),
('06.181.','06.181.03.',11,'06.181.03.11.3.','Centre: Sidi Ali Ben Hamdouche',' سيدي علي بن حمدوش',1),
('06.181.','06.181.05.',01,'06.181.05.01.3.','Centre: Moulay Abdellah','مولاي عبد الله',1),
('06.181.','06.181.05.',01,'06.181.05.01.4.','Centre: Oulad Ghadbane','أولاد غضبان',1),
('06.181.','06.181.05.',01,'06.181.05.01.5.','Centre: Sidi Bouzid',' سيدي بوزيد',1),
('06.181.','06.181.09.',13,'06.181.09.13.3.','Centre: Oulad Frej','أولاد فريج',1),
('06.181.','06.181.09.',19,'06.181.09.19.3.','Centre: Sidi Smail','سيدي اسماعيل',1),
('06.371.','06.371.03.',01,'06.371.03.01.3.','Centre: Bni Yakhlef','بني يخلف',1),
('06.461.','06.461.03.',25,'06.461.03.25.3.','Centre: Ras E l Ain','رأس العين',1),
('06.461.','06.461.09.',07,'06.461.09.07.3.','Centre: Guisser',' كيسر',1),
('06.461.','06.461.09.',19,'06.461.09.19.3.','Centre: Oulad Said','أولاد سعيد',1),
('06.467.','06.467.07.',13,'06.467.07.13.3.','Centre: Sebt Lamaarif','سبت المعاريف',1),
('06.467.','06.467.07.',19,'06.467.07.19.3.','Centre: Laaounate','لعونات',1),
('06.467.','06.467.07.',29,'06.467.07.29.3.','Centre: Oulad Amrane','أولاد عمران',1),
('06.467.','06.467.11.',05,'06.467.11.05.3.','Centre: Loualidia','الوالدية',1),
('07.041.','07.041.03.',11,'07.041.03.11.3.','Centre: Ghmate ','أغمات',1),
('07.041.','07.041.03.',15,'07.041.03.15.3.','Centre: Sidi Abdallah Ghiat ',' سيدي عبد الله غيات',1),
('07.041.','07.041.05.',11,'07.041.05.11.3.','Centre: Lalla Takarkoust ','لالا تاكركوست',1),
('07.041.','07.041.09.',01,'07.041.09.01.3.','Centre: Moulay Brahim ','مولاي إبراهيم',1),
('07.041.','07.041.09.',11,'07.041.09.11.3.','Centre: Tameslohte ','تامصلوحت',1),
('07.161.','07.161.03.',11,'07.161.03.11.3.','Centre: Sid L''Mokhtar ','سيد المختار',1),
('07.191.','07.191.05.',01,'07.191.05.01.3.','Centre: Assahrij ','السهريج',1),
('07.211.','07.211.03.',31,'07.211.03.31.3.','Centre: Ounagha ','أوناغة',1),
('07.211.','07.211.03.',47,'07.211.03.47.3.','Centre: Tafetachte ','تفتاشت',1),
('07.211.','07.211.05.',39,'07.211.05.39.3.','Centre: Smimou ',' سميمو',1),
('07.351.','07.351.03.',03,'07.351.03.03.3.','Centre: Tamensourte ','تامنصورت',1),
('07.351.','07.351.03.',05,'07.351.03.05.3.','Centre: M''Nabha ','المنابهة',1),
('07.351.','07.351.05.',05,'07.351.05.05.3.','Centre: Loudaya ','الوداية',1),
('07.351.','07.351.05.',09,'07.351.05.09.3.','Centre: Sid Zouine ',' سيد زوين',1),
('07.427.','07.427.07.',23,'07.427.07.23.3.','Centre: Skhour Rehamna ','صخور الرحامنة',1),
('07.431.','07.431.03.',01,'07.431.03.01.3.','Centre: Bouguedra',' بوكدرة',1),
('07.431.','07.431.09.',01,'07.431.09.01.3.','Centre: Laakarta','العـكـارطة',1),
('07.431.','07.431.09.',07,'07.431.09.07.3.','Centre: Hrara','حرارة',1),
('07.585.','07.585.05.',07,'07.585.05.07.3.','Centre: Ighoud','إيغود',1),
('07.585.','07.585.07.',03,'07.585.07.03.3.','Centre: Sidi Ahmed',' سيدي أحمد',1),
('08.201.','08.201.07.',01,'08.201.07.01.3.','Centre: Aufous','اوفوس',1),
('08.363.','08.363.05.',01,'08.363.05.01.3.','Centre: Aghbalou Nssardane','أغبالو ن سردان',1),
('08.363.','08.363.05.',15,'08.363.05.15.3.','Centre: Boumia',' بومية',1),
('08.363.','08.363.05.',27,'08.363.05.27.3.','Centre: Tounfite',' تونفيت',1),
('08.363.','08.363.07.',17,'08.363.07.17.3.','Centre: Itzer',' إيتزر',1),
('08.363.','08.363.07.',29,'08.363.07.29.3.','Centre: Zaida',' زايدة',1),
('08.363.','08.363.09.',03,'08.363.09.03.3.','Centre: Gourrama','كرامة',1),
('08.401.','08.401.07.',07,'08.401.07.07.3.','Centre: Skoura',' سكورة',1),
('08.401.','08.401.07.',09,'08.401.07.09.3.','Centre: Tabounte','تابونت',1),
('08.577.','08.577.02.',05,'08.577.02.05.3.','Centre: Alnif','النيف',1),
('09.001.','09.001.05.',09,'09.001.05.09.3.','Centre: Drargua ','الدراركة',1),
('09.001.','09.001.07.',03,'09.001.07.03.3.','Centre: Aourir',' أورير',1),
('09.163.','09.163.05.',11,'09.163.05.11.3.','Centre: Belfaa ','بلفاع',1),
('09.163.','09.163.05.',21,'09.163.05.21.3.','Centre: Massa',' ماسا',1),
('09.163.','09.163.07.',01,'09.163.07.01.3.','Centre: Ait Amira','آيت عميرة',1),
('09.163.','09.163.07.',27,'09.163.07.27.3.','Centre: Sidi Bibi',' سيدي بيبي',1),
('09.273.','09.273.05.',27,'09.273.05.27.3.','Centre: Temsia','التمسية',1),
('10.261.','10.261.03.',11,'10.261.03.11.3.','Centre: Taghjijt',' تغجيجت',1),
('10.473.','10.473.05.',07,'10.473.05.07.3.','Centre: Mirleft ',' ميرلفت',1);
